"NBoleta";"SKU_Producto";"Cantidad";"Precio"
2;"P001";10;120000
4;"P001";10;120000
6;"P001";10;120000
8;"P001";10;120000
10;"P001";10;120000
13;"P001";10;120000
15;"P001";10;120000
16;"P001";10;120000
17;"P001";10;120000
18;"P001";10;120000
22;"P001";10;120000
26;"P001";10;120000
27;"P001";10;120000
28;"P001";10;120000
30;"P001";10;120000
31;"P001";10;120000
32;"P001";10;120000
34;"P001";10;120000
35;"P001";10;120000
37;"P001";10;120000
38;"P001";10;120000
39;"P001";10;120000
41;"P001";10;120000
42;"P001";10;120000
43;"P001";10;120000
44;"P001";10;120000
47;"P001";10;120000
48;"P001";10;120000
49;"P001";10;120000
50;"P001";10;120000
51;"P001";10;120000
54;"P001";10;120000
58;"P001";10;120000
59;"P001";10;120000
60;"P001";10;120000
63;"P001";10;120000
66;"P001";10;120000
68;"P001";10;120000
71;"P001";10;120000
72;"P001";10;120000
76;"P001";10;120000
77;"P001";10;120000
78;"P001";10;120000
79;"P001";10;120000
81;"P001";10;120000
89;"P001";10;120000
92;"P001";10;120000
97;"P001";10;120000
98;"P001";10;120000
100;"P001";10;120000
302;"P001";10;120000
304;"P001";10;120000
306;"P001";10;120000
308;"P001";10;120000
310;"P001";10;120000
313;"P001";10;120000
315;"P001";10;120000
316;"P001";10;120000
317;"P001";10;120000
318;"P001";10;120000
322;"P001";10;120000
326;"P001";10;120000
327;"P001";10;120000
328;"P001";10;120000
330;"P001";10;120000
331;"P001";10;120000
332;"P001";10;120000
334;"P001";10;120000
335;"P001";10;120000
337;"P001";10;120000
338;"P001";10;120000
339;"P001";10;120000
341;"P001";10;120000
342;"P001";10;120000
343;"P001";10;120000
344;"P001";10;120000
347;"P001";10;120000
348;"P001";10;120000
349;"P001";10;120000
350;"P001";10;120000
351;"P001";10;120000
354;"P001";10;120000
358;"P001";10;120000
359;"P001";10;120000
360;"P001";10;120000
363;"P001";10;120000
366;"P001";10;120000
368;"P001";10;120000
371;"P001";10;120000
372;"P001";10;120000
376;"P001";10;120000
377;"P001";10;120000
378;"P001";10;120000
379;"P001";10;120000
381;"P001";10;120000
389;"P001";10;120000
392;"P001";10;120000
397;"P001";10;120000
398;"P001";10;120000
400;"P001";10;120000
602;"P001";10;120000
604;"P001";10;120000
606;"P001";10;120000
608;"P001";10;120000
610;"P001";10;120000
613;"P001";10;120000
615;"P001";10;120000
616;"P001";10;120000
617;"P001";10;120000
618;"P001";10;120000
622;"P001";10;120000
626;"P001";10;120000
627;"P001";10;120000
628;"P001";10;120000
630;"P001";10;120000
631;"P001";10;120000
632;"P001";10;120000
634;"P001";10;120000
635;"P001";10;120000
637;"P001";10;120000
638;"P001";10;120000
639;"P001";10;120000
641;"P001";10;120000
642;"P001";10;120000
643;"P001";10;120000
644;"P001";10;120000
647;"P001";10;120000
648;"P001";10;120000
649;"P001";10;120000
650;"P001";10;120000
651;"P001";10;120000
654;"P001";10;120000
658;"P001";10;120000
659;"P001";10;120000
660;"P001";10;120000
663;"P001";10;120000
666;"P001";10;120000
668;"P001";10;120000
671;"P001";10;120000
672;"P001";10;120000
676;"P001";10;120000
677;"P001";10;120000
678;"P001";10;120000
679;"P001";10;120000
681;"P001";10;120000
689;"P001";10;120000
692;"P001";10;120000
697;"P001";10;120000
698;"P001";10;120000
700;"P001";10;120000
902;"P001";10;120000
904;"P001";10;120000
906;"P001";10;120000
908;"P001";10;120000
910;"P001";10;120000
913;"P001";10;120000
915;"P001";10;120000
916;"P001";10;120000
917;"P001";10;120000
918;"P001";10;120000
922;"P001";10;120000
926;"P001";10;120000
927;"P001";10;120000
928;"P001";10;120000
930;"P001";10;120000
931;"P001";10;120000
932;"P001";10;120000
934;"P001";10;120000
935;"P001";10;120000
937;"P001";10;120000
938;"P001";10;120000
939;"P001";10;120000
941;"P001";10;120000
942;"P001";10;120000
943;"P001";10;120000
944;"P001";10;120000
947;"P001";10;120000
948;"P001";10;120000
949;"P001";10;120000
950;"P001";10;120000
951;"P001";10;120000
954;"P001";10;120000
958;"P001";10;120000
959;"P001";10;120000
960;"P001";10;120000
963;"P001";10;120000
966;"P001";10;120000
968;"P001";10;120000
971;"P001";10;120000
972;"P001";10;120000
976;"P001";10;120000
977;"P001";10;120000
978;"P001";10;120000
979;"P001";10;120000
981;"P001";10;120000
989;"P001";10;120000
992;"P001";10;120000
997;"P001";10;120000
998;"P001";10;120000
1000;"P001";10;120000
2;"P006";1;50000
4;"P006";1;50000
6;"P006";1;50000
8;"P006";1;50000
10;"P006";1;50000
13;"P006";1;50000
15;"P006";1;50000
16;"P006";1;50000
17;"P006";1;50000
18;"P006";1;50000
22;"P006";1;50000
26;"P006";1;50000
27;"P006";1;50000
28;"P006";1;50000
30;"P006";1;50000
31;"P006";1;50000
32;"P006";1;50000
34;"P006";1;50000
35;"P006";1;50000
37;"P006";1;50000
38;"P006";1;50000
39;"P006";1;50000
41;"P006";1;50000
42;"P006";1;50000
43;"P006";1;50000
44;"P006";1;50000
47;"P006";1;50000
48;"P006";1;50000
49;"P006";1;50000
50;"P006";1;50000
51;"P006";1;50000
54;"P006";1;50000
58;"P006";1;50000
59;"P006";1;50000
60;"P006";1;50000
63;"P006";1;50000
66;"P006";1;50000
68;"P006";1;50000
71;"P006";1;50000
72;"P006";1;50000
76;"P006";1;50000
77;"P006";1;50000
78;"P006";1;50000
79;"P006";1;50000
81;"P006";1;50000
89;"P006";1;50000
92;"P006";1;50000
97;"P006";1;50000
98;"P006";1;50000
100;"P006";1;50000
302;"P006";1;50000
304;"P006";1;50000
306;"P006";1;50000
308;"P006";1;50000
310;"P006";1;50000
313;"P006";1;50000
315;"P006";1;50000
316;"P006";1;50000
317;"P006";1;50000
318;"P006";1;50000
322;"P006";1;50000
326;"P006";1;50000
327;"P006";1;50000
328;"P006";1;50000
330;"P006";1;50000
331;"P006";1;50000
332;"P006";1;50000
334;"P006";1;50000
335;"P006";1;50000
337;"P006";1;50000
338;"P006";1;50000
339;"P006";1;50000
341;"P006";1;50000
342;"P006";1;50000
343;"P006";1;50000
344;"P006";1;50000
347;"P006";1;50000
348;"P006";1;50000
349;"P006";1;50000
350;"P006";1;50000
351;"P006";1;50000
354;"P006";1;50000
358;"P006";1;50000
359;"P006";1;50000
360;"P006";1;50000
363;"P006";1;50000
366;"P006";1;50000
368;"P006";1;50000
371;"P006";1;50000
372;"P006";1;50000
376;"P006";1;50000
377;"P006";1;50000
378;"P006";1;50000
379;"P006";1;50000
381;"P006";1;50000
389;"P006";1;50000
392;"P006";1;50000
397;"P006";1;50000
398;"P006";1;50000
400;"P006";1;50000
602;"P006";1;50000
604;"P006";1;50000
606;"P006";1;50000
608;"P006";1;50000
610;"P006";1;50000
613;"P006";1;50000
615;"P006";1;50000
616;"P006";1;50000
617;"P006";1;50000
618;"P006";1;50000
622;"P006";1;50000
626;"P006";1;50000
627;"P006";1;50000
628;"P006";1;50000
630;"P006";1;50000
631;"P006";1;50000
632;"P006";1;50000
634;"P006";1;50000
635;"P006";1;50000
637;"P006";1;50000
638;"P006";1;50000
639;"P006";1;50000
641;"P006";1;50000
642;"P006";1;50000
643;"P006";1;50000
644;"P006";1;50000
647;"P006";1;50000
648;"P006";1;50000
649;"P006";1;50000
650;"P006";1;50000
651;"P006";1;50000
654;"P006";1;50000
658;"P006";1;50000
659;"P006";1;50000
660;"P006";1;50000
663;"P006";1;50000
666;"P006";1;50000
668;"P006";1;50000
671;"P006";1;50000
672;"P006";1;50000
676;"P006";1;50000
677;"P006";1;50000
678;"P006";1;50000
679;"P006";1;50000
681;"P006";1;50000
689;"P006";1;50000
692;"P006";1;50000
697;"P006";1;50000
698;"P006";1;50000
700;"P006";1;50000
902;"P006";1;50000
904;"P006";1;50000
906;"P006";1;50000
908;"P006";1;50000
910;"P006";1;50000
913;"P006";1;50000
915;"P006";1;50000
916;"P006";1;50000
917;"P006";1;50000
918;"P006";1;50000
922;"P006";1;50000
926;"P006";1;50000
927;"P006";1;50000
928;"P006";1;50000
930;"P006";1;50000
931;"P006";1;50000
932;"P006";1;50000
934;"P006";1;50000
935;"P006";1;50000
937;"P006";1;50000
938;"P006";1;50000
939;"P006";1;50000
941;"P006";1;50000
942;"P006";1;50000
943;"P006";1;50000
944;"P006";1;50000
947;"P006";1;50000
948;"P006";1;50000
949;"P006";1;50000
950;"P006";1;50000
951;"P006";1;50000
954;"P006";1;50000
958;"P006";1;50000
959;"P006";1;50000
960;"P006";1;50000
963;"P006";1;50000
966;"P006";1;50000
968;"P006";1;50000
971;"P006";1;50000
972;"P006";1;50000
976;"P006";1;50000
977;"P006";1;50000
978;"P006";1;50000
979;"P006";1;50000
981;"P006";1;50000
989;"P006";1;50000
992;"P006";1;50000
997;"P006";1;50000
998;"P006";1;50000
1000;"P006";1;50000
1;"P002";10;480000
3;"P002";10;480000
5;"P002";10;480000
7;"P002";10;480000
9;"P002";10;480000
11;"P002";10;480000
12;"P002";10;480000
14;"P002";10;480000
19;"P002";10;480000
20;"P002";10;480000
21;"P002";10;480000
23;"P002";10;480000
24;"P002";10;480000
25;"P002";10;480000
29;"P002";10;480000
33;"P002";10;480000
36;"P002";10;480000
40;"P002";10;480000
45;"P002";10;480000
46;"P002";10;480000
52;"P002";10;480000
53;"P002";10;480000
55;"P002";10;480000
56;"P002";10;480000
57;"P002";10;480000
61;"P002";10;480000
62;"P002";10;480000
64;"P002";10;480000
65;"P002";10;480000
67;"P002";10;480000
69;"P002";10;480000
70;"P002";10;480000
73;"P002";10;480000
74;"P002";10;480000
75;"P002";10;480000
80;"P002";10;480000
82;"P002";10;480000
83;"P002";10;480000
84;"P002";10;480000
85;"P002";10;480000
86;"P002";10;480000
87;"P002";10;480000
88;"P002";10;480000
90;"P002";10;480000
91;"P002";10;480000
93;"P002";10;480000
94;"P002";10;480000
95;"P002";10;480000
96;"P002";10;480000
99;"P002";10;480000
301;"P002";10;480000
303;"P002";10;480000
305;"P002";10;480000
307;"P002";10;480000
309;"P002";10;480000
311;"P002";10;480000
312;"P002";10;480000
314;"P002";10;480000
319;"P002";10;480000
320;"P002";10;480000
321;"P002";10;480000
323;"P002";10;480000
324;"P002";10;480000
325;"P002";10;480000
329;"P002";10;480000
333;"P002";10;480000
336;"P002";10;480000
340;"P002";10;480000
345;"P002";10;480000
346;"P002";10;480000
352;"P002";10;480000
353;"P002";10;480000
355;"P002";10;480000
356;"P002";10;480000
357;"P002";10;480000
361;"P002";10;480000
362;"P002";10;480000
364;"P002";10;480000
365;"P002";10;480000
367;"P002";10;480000
369;"P002";10;480000
370;"P002";10;480000
373;"P002";10;480000
374;"P002";10;480000
375;"P002";10;480000
380;"P002";10;480000
382;"P002";10;480000
383;"P002";10;480000
384;"P002";10;480000
385;"P002";10;480000
386;"P002";10;480000
387;"P002";10;480000
388;"P002";10;480000
390;"P002";10;480000
391;"P002";10;480000
393;"P002";10;480000
394;"P002";10;480000
395;"P002";10;480000
396;"P002";10;480000
399;"P002";10;480000
601;"P002";10;480000
603;"P002";10;480000
605;"P002";10;480000
607;"P002";10;480000
609;"P002";10;480000
611;"P002";10;480000
612;"P002";10;480000
614;"P002";10;480000
619;"P002";10;480000
620;"P002";10;480000
621;"P002";10;480000
623;"P002";10;480000
624;"P002";10;480000
625;"P002";10;480000
629;"P002";10;480000
633;"P002";10;480000
636;"P002";10;480000
640;"P002";10;480000
645;"P002";10;480000
646;"P002";10;480000
652;"P002";10;480000
653;"P002";10;480000
655;"P002";10;480000
656;"P002";10;480000
657;"P002";10;480000
661;"P002";10;480000
662;"P002";10;480000
664;"P002";10;480000
665;"P002";10;480000
667;"P002";10;480000
669;"P002";10;480000
670;"P002";10;480000
673;"P002";10;480000
674;"P002";10;480000
675;"P002";10;480000
680;"P002";10;480000
682;"P002";10;480000
683;"P002";10;480000
684;"P002";10;480000
685;"P002";10;480000
686;"P002";10;480000
687;"P002";10;480000
688;"P002";10;480000
690;"P002";10;480000
691;"P002";10;480000
693;"P002";10;480000
694;"P002";10;480000
695;"P002";10;480000
696;"P002";10;480000
699;"P002";10;480000
901;"P002";10;480000
903;"P002";10;480000
905;"P002";10;480000
907;"P002";10;480000
909;"P002";10;480000
911;"P002";10;480000
912;"P002";10;480000
914;"P002";10;480000
919;"P002";10;480000
920;"P002";10;480000
921;"P002";10;480000
923;"P002";10;480000
924;"P002";10;480000
925;"P002";10;480000
929;"P002";10;480000
933;"P002";10;480000
936;"P002";10;480000
940;"P002";10;480000
945;"P002";10;480000
946;"P002";10;480000
952;"P002";10;480000
953;"P002";10;480000
955;"P002";10;480000
956;"P002";10;480000
957;"P002";10;480000
961;"P002";10;480000
962;"P002";10;480000
964;"P002";10;480000
965;"P002";10;480000
967;"P002";10;480000
969;"P002";10;480000
970;"P002";10;480000
973;"P002";10;480000
974;"P002";10;480000
975;"P002";10;480000
980;"P002";10;480000
982;"P002";10;480000
983;"P002";10;480000
984;"P002";10;480000
985;"P002";10;480000
986;"P002";10;480000
987;"P002";10;480000
988;"P002";10;480000
990;"P002";10;480000
991;"P002";10;480000
993;"P002";10;480000
994;"P002";10;480000
995;"P002";10;480000
996;"P002";10;480000
999;"P002";10;480000
1;"P001";1;120000
3;"P001";1;120000
5;"P001";1;120000
7;"P001";1;120000
9;"P001";1;120000
11;"P001";1;120000
12;"P001";1;120000
14;"P001";1;120000
19;"P001";1;120000
20;"P001";1;120000
21;"P001";1;120000
23;"P001";1;120000
24;"P001";1;120000
25;"P001";1;120000
29;"P001";1;120000
33;"P001";1;120000
36;"P001";1;120000
40;"P001";1;120000
45;"P001";1;120000
46;"P001";1;120000
52;"P001";1;120000
53;"P001";1;120000
55;"P001";1;120000
56;"P001";1;120000
57;"P001";1;120000
61;"P001";1;120000
62;"P001";1;120000
64;"P001";1;120000
65;"P001";1;120000
67;"P001";1;120000
69;"P001";1;120000
70;"P001";1;120000
73;"P001";1;120000
74;"P001";1;120000
75;"P001";1;120000
80;"P001";1;120000
82;"P001";1;120000
83;"P001";1;120000
84;"P001";1;120000
85;"P001";1;120000
86;"P001";1;120000
87;"P001";1;120000
88;"P001";1;120000
90;"P001";1;120000
91;"P001";1;120000
93;"P001";1;120000
94;"P001";1;120000
95;"P001";1;120000
96;"P001";1;120000
99;"P001";1;120000
301;"P001";1;120000
303;"P001";1;120000
305;"P001";1;120000
307;"P001";1;120000
309;"P001";1;120000
311;"P001";1;120000
312;"P001";1;120000
314;"P001";1;120000
319;"P001";1;120000
320;"P001";1;120000
321;"P001";1;120000
323;"P001";1;120000
324;"P001";1;120000
325;"P001";1;120000
329;"P001";1;120000
333;"P001";1;120000
336;"P001";1;120000
340;"P001";1;120000
345;"P001";1;120000
346;"P001";1;120000
352;"P001";1;120000
353;"P001";1;120000
355;"P001";1;120000
356;"P001";1;120000
357;"P001";1;120000
361;"P001";1;120000
362;"P001";1;120000
364;"P001";1;120000
365;"P001";1;120000
367;"P001";1;120000
369;"P001";1;120000
370;"P001";1;120000
373;"P001";1;120000
374;"P001";1;120000
375;"P001";1;120000
380;"P001";1;120000
382;"P001";1;120000
383;"P001";1;120000
384;"P001";1;120000
385;"P001";1;120000
386;"P001";1;120000
387;"P001";1;120000
388;"P001";1;120000
390;"P001";1;120000
391;"P001";1;120000
393;"P001";1;120000
394;"P001";1;120000
395;"P001";1;120000
396;"P001";1;120000
399;"P001";1;120000
601;"P001";1;120000
603;"P001";1;120000
605;"P001";1;120000
607;"P001";1;120000
609;"P001";1;120000
611;"P001";1;120000
612;"P001";1;120000
614;"P001";1;120000
619;"P001";1;120000
620;"P001";1;120000
621;"P001";1;120000
623;"P001";1;120000
624;"P001";1;120000
625;"P001";1;120000
629;"P001";1;120000
633;"P001";1;120000
636;"P001";1;120000
640;"P001";1;120000
645;"P001";1;120000
646;"P001";1;120000
652;"P001";1;120000
653;"P001";1;120000
655;"P001";1;120000
656;"P001";1;120000
657;"P001";1;120000
661;"P001";1;120000
662;"P001";1;120000
664;"P001";1;120000
665;"P001";1;120000
667;"P001";1;120000
669;"P001";1;120000
670;"P001";1;120000
673;"P001";1;120000
674;"P001";1;120000
675;"P001";1;120000
680;"P001";1;120000
682;"P001";1;120000
683;"P001";1;120000
684;"P001";1;120000
685;"P001";1;120000
686;"P001";1;120000
687;"P001";1;120000
688;"P001";1;120000
690;"P001";1;120000
691;"P001";1;120000
693;"P001";1;120000
694;"P001";1;120000
695;"P001";1;120000
696;"P001";1;120000
699;"P001";1;120000
901;"P001";1;120000
903;"P001";1;120000
905;"P001";1;120000
907;"P001";1;120000
909;"P001";1;120000
911;"P001";1;120000
912;"P001";1;120000
914;"P001";1;120000
919;"P001";1;120000
920;"P001";1;120000
921;"P001";1;120000
923;"P001";1;120000
924;"P001";1;120000
925;"P001";1;120000
929;"P001";1;120000
933;"P001";1;120000
936;"P001";1;120000
940;"P001";1;120000
945;"P001";1;120000
946;"P001";1;120000
952;"P001";1;120000
953;"P001";1;120000
955;"P001";1;120000
956;"P001";1;120000
957;"P001";1;120000
961;"P001";1;120000
962;"P001";1;120000
964;"P001";1;120000
965;"P001";1;120000
967;"P001";1;120000
969;"P001";1;120000
970;"P001";1;120000
973;"P001";1;120000
974;"P001";1;120000
975;"P001";1;120000
980;"P001";1;120000
982;"P001";1;120000
983;"P001";1;120000
984;"P001";1;120000
985;"P001";1;120000
986;"P001";1;120000
987;"P001";1;120000
988;"P001";1;120000
990;"P001";1;120000
991;"P001";1;120000
993;"P001";1;120000
994;"P001";1;120000
995;"P001";1;120000
996;"P001";1;120000
999;"P001";1;120000
102;"P003";10;70000
104;"P003";10;70000
106;"P003";10;70000
109;"P003";10;70000
110;"P003";10;70000
112;"P003";10;70000
113;"P003";10;70000
117;"P003";10;70000
121;"P003";10;70000
122;"P003";10;70000
123;"P003";10;70000
124;"P003";10;70000
125;"P003";10;70000
126;"P003";10;70000
127;"P003";10;70000
129;"P003";10;70000
130;"P003";10;70000
131;"P003";10;70000
132;"P003";10;70000
138;"P003";10;70000
139;"P003";10;70000
140;"P003";10;70000
142;"P003";10;70000
144;"P003";10;70000
145;"P003";10;70000
147;"P003";10;70000
152;"P003";10;70000
153;"P003";10;70000
156;"P003";10;70000
157;"P003";10;70000
158;"P003";10;70000
162;"P003";10;70000
164;"P003";10;70000
165;"P003";10;70000
171;"P003";10;70000
172;"P003";10;70000
173;"P003";10;70000
175;"P003";10;70000
179;"P003";10;70000
180;"P003";10;70000
182;"P003";10;70000
184;"P003";10;70000
188;"P003";10;70000
189;"P003";10;70000
190;"P003";10;70000
191;"P003";10;70000
195;"P003";10;70000
197;"P003";10;70000
198;"P003";10;70000
200;"P003";10;70000
402;"P003";10;70000
404;"P003";10;70000
406;"P003";10;70000
409;"P003";10;70000
410;"P003";10;70000
412;"P003";10;70000
413;"P003";10;70000
417;"P003";10;70000
421;"P003";10;70000
422;"P003";10;70000
423;"P003";10;70000
424;"P003";10;70000
425;"P003";10;70000
426;"P003";10;70000
427;"P003";10;70000
429;"P003";10;70000
430;"P003";10;70000
431;"P003";10;70000
432;"P003";10;70000
438;"P003";10;70000
439;"P003";10;70000
440;"P003";10;70000
442;"P003";10;70000
444;"P003";10;70000
445;"P003";10;70000
447;"P003";10;70000
452;"P003";10;70000
453;"P003";10;70000
456;"P003";10;70000
457;"P003";10;70000
458;"P003";10;70000
462;"P003";10;70000
464;"P003";10;70000
465;"P003";10;70000
471;"P003";10;70000
472;"P003";10;70000
473;"P003";10;70000
475;"P003";10;70000
479;"P003";10;70000
480;"P003";10;70000
482;"P003";10;70000
484;"P003";10;70000
488;"P003";10;70000
489;"P003";10;70000
490;"P003";10;70000
491;"P003";10;70000
495;"P003";10;70000
497;"P003";10;70000
498;"P003";10;70000
500;"P003";10;70000
702;"P003";10;70000
704;"P003";10;70000
706;"P003";10;70000
709;"P003";10;70000
710;"P003";10;70000
712;"P003";10;70000
713;"P003";10;70000
717;"P003";10;70000
721;"P003";10;70000
722;"P003";10;70000
723;"P003";10;70000
724;"P003";10;70000
725;"P003";10;70000
726;"P003";10;70000
727;"P003";10;70000
729;"P003";10;70000
730;"P003";10;70000
731;"P003";10;70000
732;"P003";10;70000
738;"P003";10;70000
739;"P003";10;70000
740;"P003";10;70000
742;"P003";10;70000
744;"P003";10;70000
745;"P003";10;70000
747;"P003";10;70000
752;"P003";10;70000
753;"P003";10;70000
756;"P003";10;70000
757;"P003";10;70000
758;"P003";10;70000
762;"P003";10;70000
764;"P003";10;70000
765;"P003";10;70000
771;"P003";10;70000
772;"P003";10;70000
773;"P003";10;70000
775;"P003";10;70000
779;"P003";10;70000
780;"P003";10;70000
782;"P003";10;70000
784;"P003";10;70000
788;"P003";10;70000
789;"P003";10;70000
790;"P003";10;70000
791;"P003";10;70000
795;"P003";10;70000
797;"P003";10;70000
798;"P003";10;70000
800;"P003";10;70000
1002;"P003";10;70000
1004;"P003";10;70000
1006;"P003";10;70000
1009;"P003";10;70000
1010;"P003";10;70000
1012;"P003";10;70000
1013;"P003";10;70000
1017;"P003";10;70000
1021;"P003";10;70000
1022;"P003";10;70000
1023;"P003";10;70000
1024;"P003";10;70000
1025;"P003";10;70000
1026;"P003";10;70000
1027;"P003";10;70000
1029;"P003";10;70000
1030;"P003";10;70000
1031;"P003";10;70000
1032;"P003";10;70000
1038;"P003";10;70000
1039;"P003";10;70000
1040;"P003";10;70000
1042;"P003";10;70000
1044;"P003";10;70000
1045;"P003";10;70000
1047;"P003";10;70000
1052;"P003";10;70000
1053;"P003";10;70000
1056;"P003";10;70000
1057;"P003";10;70000
1058;"P003";10;70000
1062;"P003";10;70000
1064;"P003";10;70000
1065;"P003";10;70000
1071;"P003";10;70000
1072;"P003";10;70000
1073;"P003";10;70000
1075;"P003";10;70000
1079;"P003";10;70000
1080;"P003";10;70000
1082;"P003";10;70000
1084;"P003";10;70000
1088;"P003";10;70000
1089;"P003";10;70000
1090;"P003";10;70000
1091;"P003";10;70000
1095;"P003";10;70000
1097;"P003";10;70000
1098;"P003";10;70000
1100;"P003";10;70000
102;"P001";1;120000
104;"P001";1;120000
106;"P001";1;120000
109;"P001";1;120000
110;"P001";1;120000
112;"P001";1;120000
113;"P001";1;120000
117;"P001";1;120000
121;"P001";1;120000
122;"P001";1;120000
123;"P001";1;120000
124;"P001";1;120000
125;"P001";1;120000
126;"P001";1;120000
127;"P001";1;120000
129;"P001";1;120000
130;"P001";1;120000
131;"P001";1;120000
132;"P001";1;120000
138;"P001";1;120000
139;"P001";1;120000
140;"P001";1;120000
142;"P001";1;120000
144;"P001";1;120000
145;"P001";1;120000
147;"P001";1;120000
152;"P001";1;120000
153;"P001";1;120000
156;"P001";1;120000
157;"P001";1;120000
158;"P001";1;120000
162;"P001";1;120000
164;"P001";1;120000
165;"P001";1;120000
171;"P001";1;120000
172;"P001";1;120000
173;"P001";1;120000
175;"P001";1;120000
179;"P001";1;120000
180;"P001";1;120000
182;"P001";1;120000
184;"P001";1;120000
188;"P001";1;120000
189;"P001";1;120000
190;"P001";1;120000
191;"P001";1;120000
195;"P001";1;120000
197;"P001";1;120000
198;"P001";1;120000
200;"P001";1;120000
402;"P001";1;120000
404;"P001";1;120000
406;"P001";1;120000
409;"P001";1;120000
410;"P001";1;120000
412;"P001";1;120000
413;"P001";1;120000
417;"P001";1;120000
421;"P001";1;120000
422;"P001";1;120000
423;"P001";1;120000
424;"P001";1;120000
425;"P001";1;120000
426;"P001";1;120000
427;"P001";1;120000
429;"P001";1;120000
430;"P001";1;120000
431;"P001";1;120000
432;"P001";1;120000
438;"P001";1;120000
439;"P001";1;120000
440;"P001";1;120000
442;"P001";1;120000
444;"P001";1;120000
445;"P001";1;120000
447;"P001";1;120000
452;"P001";1;120000
453;"P001";1;120000
456;"P001";1;120000
457;"P001";1;120000
458;"P001";1;120000
462;"P001";1;120000
464;"P001";1;120000
465;"P001";1;120000
471;"P001";1;120000
472;"P001";1;120000
473;"P001";1;120000
475;"P001";1;120000
479;"P001";1;120000
480;"P001";1;120000
482;"P001";1;120000
484;"P001";1;120000
488;"P001";1;120000
489;"P001";1;120000
490;"P001";1;120000
491;"P001";1;120000
495;"P001";1;120000
497;"P001";1;120000
498;"P001";1;120000
500;"P001";1;120000
702;"P001";1;120000
704;"P001";1;120000
706;"P001";1;120000
709;"P001";1;120000
710;"P001";1;120000
712;"P001";1;120000
713;"P001";1;120000
717;"P001";1;120000
721;"P001";1;120000
722;"P001";1;120000
723;"P001";1;120000
724;"P001";1;120000
725;"P001";1;120000
726;"P001";1;120000
727;"P001";1;120000
729;"P001";1;120000
730;"P001";1;120000
731;"P001";1;120000
732;"P001";1;120000
738;"P001";1;120000
739;"P001";1;120000
740;"P001";1;120000
742;"P001";1;120000
744;"P001";1;120000
745;"P001";1;120000
747;"P001";1;120000
752;"P001";1;120000
753;"P001";1;120000
756;"P001";1;120000
757;"P001";1;120000
758;"P001";1;120000
762;"P001";1;120000
764;"P001";1;120000
765;"P001";1;120000
771;"P001";1;120000
772;"P001";1;120000
773;"P001";1;120000
775;"P001";1;120000
779;"P001";1;120000
780;"P001";1;120000
782;"P001";1;120000
784;"P001";1;120000
788;"P001";1;120000
789;"P001";1;120000
790;"P001";1;120000
791;"P001";1;120000
795;"P001";1;120000
797;"P001";1;120000
798;"P001";1;120000
800;"P001";1;120000
1002;"P001";1;120000
1004;"P001";1;120000
1006;"P001";1;120000
1009;"P001";1;120000
1010;"P001";1;120000
1012;"P001";1;120000
1013;"P001";1;120000
1017;"P001";1;120000
1021;"P001";1;120000
1022;"P001";1;120000
1023;"P001";1;120000
1024;"P001";1;120000
1025;"P001";1;120000
1026;"P001";1;120000
1027;"P001";1;120000
1029;"P001";1;120000
1030;"P001";1;120000
1031;"P001";1;120000
1032;"P001";1;120000
1038;"P001";1;120000
1039;"P001";1;120000
1040;"P001";1;120000
1042;"P001";1;120000
1044;"P001";1;120000
1045;"P001";1;120000
1047;"P001";1;120000
1052;"P001";1;120000
1053;"P001";1;120000
1056;"P001";1;120000
1057;"P001";1;120000
1058;"P001";1;120000
1062;"P001";1;120000
1064;"P001";1;120000
1065;"P001";1;120000
1071;"P001";1;120000
1072;"P001";1;120000
1073;"P001";1;120000
1075;"P001";1;120000
1079;"P001";1;120000
1080;"P001";1;120000
1082;"P001";1;120000
1084;"P001";1;120000
1088;"P001";1;120000
1089;"P001";1;120000
1090;"P001";1;120000
1091;"P001";1;120000
1095;"P001";1;120000
1097;"P001";1;120000
1098;"P001";1;120000
1100;"P001";1;120000
101;"P004";10;2e+05
103;"P004";10;2e+05
105;"P004";10;2e+05
107;"P004";10;2e+05
108;"P004";10;2e+05
111;"P004";10;2e+05
114;"P004";10;2e+05
115;"P004";10;2e+05
116;"P004";10;2e+05
118;"P004";10;2e+05
119;"P004";10;2e+05
120;"P004";10;2e+05
128;"P004";10;2e+05
133;"P004";10;2e+05
134;"P004";10;2e+05
135;"P004";10;2e+05
136;"P004";10;2e+05
137;"P004";10;2e+05
141;"P004";10;2e+05
143;"P004";10;2e+05
146;"P004";10;2e+05
148;"P004";10;2e+05
149;"P004";10;2e+05
150;"P004";10;2e+05
151;"P004";10;2e+05
154;"P004";10;2e+05
155;"P004";10;2e+05
159;"P004";10;2e+05
160;"P004";10;2e+05
161;"P004";10;2e+05
163;"P004";10;2e+05
166;"P004";10;2e+05
167;"P004";10;2e+05
168;"P004";10;2e+05
169;"P004";10;2e+05
170;"P004";10;2e+05
174;"P004";10;2e+05
176;"P004";10;2e+05
177;"P004";10;2e+05
178;"P004";10;2e+05
181;"P004";10;2e+05
183;"P004";10;2e+05
185;"P004";10;2e+05
186;"P004";10;2e+05
187;"P004";10;2e+05
192;"P004";10;2e+05
193;"P004";10;2e+05
194;"P004";10;2e+05
196;"P004";10;2e+05
199;"P004";10;2e+05
401;"P004";10;2e+05
403;"P004";10;2e+05
405;"P004";10;2e+05
407;"P004";10;2e+05
408;"P004";10;2e+05
411;"P004";10;2e+05
414;"P004";10;2e+05
415;"P004";10;2e+05
416;"P004";10;2e+05
418;"P004";10;2e+05
419;"P004";10;2e+05
420;"P004";10;2e+05
428;"P004";10;2e+05
433;"P004";10;2e+05
434;"P004";10;2e+05
435;"P004";10;2e+05
436;"P004";10;2e+05
437;"P004";10;2e+05
441;"P004";10;2e+05
443;"P004";10;2e+05
446;"P004";10;2e+05
448;"P004";10;2e+05
449;"P004";10;2e+05
450;"P004";10;2e+05
451;"P004";10;2e+05
454;"P004";10;2e+05
455;"P004";10;2e+05
459;"P004";10;2e+05
460;"P004";10;2e+05
461;"P004";10;2e+05
463;"P004";10;2e+05
466;"P004";10;2e+05
467;"P004";10;2e+05
468;"P004";10;2e+05
469;"P004";10;2e+05
470;"P004";10;2e+05
474;"P004";10;2e+05
476;"P004";10;2e+05
477;"P004";10;2e+05
478;"P004";10;2e+05
481;"P004";10;2e+05
483;"P004";10;2e+05
485;"P004";10;2e+05
486;"P004";10;2e+05
487;"P004";10;2e+05
492;"P004";10;2e+05
493;"P004";10;2e+05
494;"P004";10;2e+05
496;"P004";10;2e+05
499;"P004";10;2e+05
701;"P004";10;2e+05
703;"P004";10;2e+05
705;"P004";10;2e+05
707;"P004";10;2e+05
708;"P004";10;2e+05
711;"P004";10;2e+05
714;"P004";10;2e+05
715;"P004";10;2e+05
716;"P004";10;2e+05
718;"P004";10;2e+05
719;"P004";10;2e+05
720;"P004";10;2e+05
728;"P004";10;2e+05
733;"P004";10;2e+05
734;"P004";10;2e+05
735;"P004";10;2e+05
736;"P004";10;2e+05
737;"P004";10;2e+05
741;"P004";10;2e+05
743;"P004";10;2e+05
746;"P004";10;2e+05
748;"P004";10;2e+05
749;"P004";10;2e+05
750;"P004";10;2e+05
751;"P004";10;2e+05
754;"P004";10;2e+05
755;"P004";10;2e+05
759;"P004";10;2e+05
760;"P004";10;2e+05
761;"P004";10;2e+05
763;"P004";10;2e+05
766;"P004";10;2e+05
767;"P004";10;2e+05
768;"P004";10;2e+05
769;"P004";10;2e+05
770;"P004";10;2e+05
774;"P004";10;2e+05
776;"P004";10;2e+05
777;"P004";10;2e+05
778;"P004";10;2e+05
781;"P004";10;2e+05
783;"P004";10;2e+05
785;"P004";10;2e+05
786;"P004";10;2e+05
787;"P004";10;2e+05
792;"P004";10;2e+05
793;"P004";10;2e+05
794;"P004";10;2e+05
796;"P004";10;2e+05
799;"P004";10;2e+05
1001;"P004";10;2e+05
1003;"P004";10;2e+05
1005;"P004";10;2e+05
1007;"P004";10;2e+05
1008;"P004";10;2e+05
1011;"P004";10;2e+05
1014;"P004";10;2e+05
1015;"P004";10;2e+05
1016;"P004";10;2e+05
1018;"P004";10;2e+05
1019;"P004";10;2e+05
1020;"P004";10;2e+05
1028;"P004";10;2e+05
1033;"P004";10;2e+05
1034;"P004";10;2e+05
1035;"P004";10;2e+05
1036;"P004";10;2e+05
1037;"P004";10;2e+05
1041;"P004";10;2e+05
1043;"P004";10;2e+05
1046;"P004";10;2e+05
1048;"P004";10;2e+05
1049;"P004";10;2e+05
1050;"P004";10;2e+05
1051;"P004";10;2e+05
1054;"P004";10;2e+05
1055;"P004";10;2e+05
1059;"P004";10;2e+05
1060;"P004";10;2e+05
1061;"P004";10;2e+05
1063;"P004";10;2e+05
1066;"P004";10;2e+05
1067;"P004";10;2e+05
1068;"P004";10;2e+05
1069;"P004";10;2e+05
1070;"P004";10;2e+05
1074;"P004";10;2e+05
1076;"P004";10;2e+05
1077;"P004";10;2e+05
1078;"P004";10;2e+05
1081;"P004";10;2e+05
1083;"P004";10;2e+05
1085;"P004";10;2e+05
1086;"P004";10;2e+05
1087;"P004";10;2e+05
1092;"P004";10;2e+05
1093;"P004";10;2e+05
1094;"P004";10;2e+05
1096;"P004";10;2e+05
1099;"P004";10;2e+05
101;"P005";1;6000
103;"P005";1;6000
105;"P005";1;6000
107;"P005";1;6000
108;"P005";1;6000
111;"P005";1;6000
114;"P005";1;6000
115;"P005";1;6000
116;"P005";1;6000
118;"P005";1;6000
119;"P005";1;6000
120;"P005";1;6000
128;"P005";1;6000
133;"P005";1;6000
134;"P005";1;6000
135;"P005";1;6000
136;"P005";1;6000
137;"P005";1;6000
141;"P005";1;6000
143;"P005";1;6000
146;"P005";1;6000
148;"P005";1;6000
149;"P005";1;6000
150;"P005";1;6000
151;"P005";1;6000
154;"P005";1;6000
155;"P005";1;6000
159;"P005";1;6000
160;"P005";1;6000
161;"P005";1;6000
163;"P005";1;6000
166;"P005";1;6000
167;"P005";1;6000
168;"P005";1;6000
169;"P005";1;6000
170;"P005";1;6000
174;"P005";1;6000
176;"P005";1;6000
177;"P005";1;6000
178;"P005";1;6000
181;"P005";1;6000
183;"P005";1;6000
185;"P005";1;6000
186;"P005";1;6000
187;"P005";1;6000
192;"P005";1;6000
193;"P005";1;6000
194;"P005";1;6000
196;"P005";1;6000
199;"P005";1;6000
401;"P005";1;6000
403;"P005";1;6000
405;"P005";1;6000
407;"P005";1;6000
408;"P005";1;6000
411;"P005";1;6000
414;"P005";1;6000
415;"P005";1;6000
416;"P005";1;6000
418;"P005";1;6000
419;"P005";1;6000
420;"P005";1;6000
428;"P005";1;6000
433;"P005";1;6000
434;"P005";1;6000
435;"P005";1;6000
436;"P005";1;6000
437;"P005";1;6000
441;"P005";1;6000
443;"P005";1;6000
446;"P005";1;6000
448;"P005";1;6000
449;"P005";1;6000
450;"P005";1;6000
451;"P005";1;6000
454;"P005";1;6000
455;"P005";1;6000
459;"P005";1;6000
460;"P005";1;6000
461;"P005";1;6000
463;"P005";1;6000
466;"P005";1;6000
467;"P005";1;6000
468;"P005";1;6000
469;"P005";1;6000
470;"P005";1;6000
474;"P005";1;6000
476;"P005";1;6000
477;"P005";1;6000
478;"P005";1;6000
481;"P005";1;6000
483;"P005";1;6000
485;"P005";1;6000
486;"P005";1;6000
487;"P005";1;6000
492;"P005";1;6000
493;"P005";1;6000
494;"P005";1;6000
496;"P005";1;6000
499;"P005";1;6000
701;"P005";1;6000
703;"P005";1;6000
705;"P005";1;6000
707;"P005";1;6000
708;"P005";1;6000
711;"P005";1;6000
714;"P005";1;6000
715;"P005";1;6000
716;"P005";1;6000
718;"P005";1;6000
719;"P005";1;6000
720;"P005";1;6000
728;"P005";1;6000
733;"P005";1;6000
734;"P005";1;6000
735;"P005";1;6000
736;"P005";1;6000
737;"P005";1;6000
741;"P005";1;6000
743;"P005";1;6000
746;"P005";1;6000
748;"P005";1;6000
749;"P005";1;6000
750;"P005";1;6000
751;"P005";1;6000
754;"P005";1;6000
755;"P005";1;6000
759;"P005";1;6000
760;"P005";1;6000
761;"P005";1;6000
763;"P005";1;6000
766;"P005";1;6000
767;"P005";1;6000
768;"P005";1;6000
769;"P005";1;6000
770;"P005";1;6000
774;"P005";1;6000
776;"P005";1;6000
777;"P005";1;6000
778;"P005";1;6000
781;"P005";1;6000
783;"P005";1;6000
785;"P005";1;6000
786;"P005";1;6000
787;"P005";1;6000
792;"P005";1;6000
793;"P005";1;6000
794;"P005";1;6000
796;"P005";1;6000
799;"P005";1;6000
1001;"P005";1;6000
1003;"P005";1;6000
1005;"P005";1;6000
1007;"P005";1;6000
1008;"P005";1;6000
1011;"P005";1;6000
1014;"P005";1;6000
1015;"P005";1;6000
1016;"P005";1;6000
1018;"P005";1;6000
1019;"P005";1;6000
1020;"P005";1;6000
1028;"P005";1;6000
1033;"P005";1;6000
1034;"P005";1;6000
1035;"P005";1;6000
1036;"P005";1;6000
1037;"P005";1;6000
1041;"P005";1;6000
1043;"P005";1;6000
1046;"P005";1;6000
1048;"P005";1;6000
1049;"P005";1;6000
1050;"P005";1;6000
1051;"P005";1;6000
1054;"P005";1;6000
1055;"P005";1;6000
1059;"P005";1;6000
1060;"P005";1;6000
1061;"P005";1;6000
1063;"P005";1;6000
1066;"P005";1;6000
1067;"P005";1;6000
1068;"P005";1;6000
1069;"P005";1;6000
1070;"P005";1;6000
1074;"P005";1;6000
1076;"P005";1;6000
1077;"P005";1;6000
1078;"P005";1;6000
1081;"P005";1;6000
1083;"P005";1;6000
1085;"P005";1;6000
1086;"P005";1;6000
1087;"P005";1;6000
1092;"P005";1;6000
1093;"P005";1;6000
1094;"P005";1;6000
1096;"P005";1;6000
1099;"P005";1;6000
201;"P005";10;6000
203;"P005";10;6000
205;"P005";10;6000
206;"P005";10;6000
207;"P005";10;6000
210;"P005";10;6000
212;"P005";10;6000
213;"P005";10;6000
214;"P005";10;6000
217;"P005";10;6000
218;"P005";10;6000
219;"P005";10;6000
226;"P005";10;6000
230;"P005";10;6000
235;"P005";10;6000
240;"P005";10;6000
244;"P005";10;6000
246;"P005";10;6000
247;"P005";10;6000
248;"P005";10;6000
249;"P005";10;6000
251;"P005";10;6000
252;"P005";10;6000
253;"P005";10;6000
254;"P005";10;6000
255;"P005";10;6000
256;"P005";10;6000
257;"P005";10;6000
259;"P005";10;6000
261;"P005";10;6000
266;"P005";10;6000
267;"P005";10;6000
268;"P005";10;6000
270;"P005";10;6000
272;"P005";10;6000
273;"P005";10;6000
278;"P005";10;6000
279;"P005";10;6000
280;"P005";10;6000
285;"P005";10;6000
286;"P005";10;6000
287;"P005";10;6000
288;"P005";10;6000
290;"P005";10;6000
291;"P005";10;6000
292;"P005";10;6000
293;"P005";10;6000
295;"P005";10;6000
299;"P005";10;6000
300;"P005";10;6000
501;"P005";10;6000
503;"P005";10;6000
505;"P005";10;6000
506;"P005";10;6000
507;"P005";10;6000
510;"P005";10;6000
512;"P005";10;6000
513;"P005";10;6000
514;"P005";10;6000
517;"P005";10;6000
518;"P005";10;6000
519;"P005";10;6000
526;"P005";10;6000
530;"P005";10;6000
535;"P005";10;6000
540;"P005";10;6000
544;"P005";10;6000
546;"P005";10;6000
547;"P005";10;6000
548;"P005";10;6000
549;"P005";10;6000
551;"P005";10;6000
552;"P005";10;6000
553;"P005";10;6000
554;"P005";10;6000
555;"P005";10;6000
556;"P005";10;6000
557;"P005";10;6000
559;"P005";10;6000
561;"P005";10;6000
566;"P005";10;6000
567;"P005";10;6000
568;"P005";10;6000
570;"P005";10;6000
572;"P005";10;6000
573;"P005";10;6000
578;"P005";10;6000
579;"P005";10;6000
580;"P005";10;6000
585;"P005";10;6000
586;"P005";10;6000
587;"P005";10;6000
588;"P005";10;6000
590;"P005";10;6000
591;"P005";10;6000
592;"P005";10;6000
593;"P005";10;6000
595;"P005";10;6000
599;"P005";10;6000
600;"P005";10;6000
801;"P005";10;6000
803;"P005";10;6000
805;"P005";10;6000
806;"P005";10;6000
807;"P005";10;6000
810;"P005";10;6000
812;"P005";10;6000
813;"P005";10;6000
814;"P005";10;6000
817;"P005";10;6000
818;"P005";10;6000
819;"P005";10;6000
826;"P005";10;6000
830;"P005";10;6000
835;"P005";10;6000
840;"P005";10;6000
844;"P005";10;6000
846;"P005";10;6000
847;"P005";10;6000
848;"P005";10;6000
849;"P005";10;6000
851;"P005";10;6000
852;"P005";10;6000
853;"P005";10;6000
854;"P005";10;6000
855;"P005";10;6000
856;"P005";10;6000
857;"P005";10;6000
859;"P005";10;6000
861;"P005";10;6000
866;"P005";10;6000
867;"P005";10;6000
868;"P005";10;6000
870;"P005";10;6000
872;"P005";10;6000
873;"P005";10;6000
878;"P005";10;6000
879;"P005";10;6000
880;"P005";10;6000
885;"P005";10;6000
886;"P005";10;6000
887;"P005";10;6000
888;"P005";10;6000
890;"P005";10;6000
891;"P005";10;6000
892;"P005";10;6000
893;"P005";10;6000
895;"P005";10;6000
899;"P005";10;6000
900;"P005";10;6000
1101;"P005";10;6000
1103;"P005";10;6000
1105;"P005";10;6000
1106;"P005";10;6000
1107;"P005";10;6000
1110;"P005";10;6000
1112;"P005";10;6000
1113;"P005";10;6000
1114;"P005";10;6000
1117;"P005";10;6000
1118;"P005";10;6000
1119;"P005";10;6000
1126;"P005";10;6000
1130;"P005";10;6000
1135;"P005";10;6000
1140;"P005";10;6000
1144;"P005";10;6000
1146;"P005";10;6000
1147;"P005";10;6000
1148;"P005";10;6000
1149;"P005";10;6000
1151;"P005";10;6000
1152;"P005";10;6000
1153;"P005";10;6000
1154;"P005";10;6000
1155;"P005";10;6000
1156;"P005";10;6000
1157;"P005";10;6000
1159;"P005";10;6000
1161;"P005";10;6000
1166;"P005";10;6000
1167;"P005";10;6000
1168;"P005";10;6000
1170;"P005";10;6000
1172;"P005";10;6000
1173;"P005";10;6000
1178;"P005";10;6000
1179;"P005";10;6000
1180;"P005";10;6000
1185;"P005";10;6000
1186;"P005";10;6000
1187;"P005";10;6000
1188;"P005";10;6000
1190;"P005";10;6000
1191;"P005";10;6000
1192;"P005";10;6000
1193;"P005";10;6000
1195;"P005";10;6000
1199;"P005";10;6000
1200;"P005";10;6000
201;"P004";1;2e+05
203;"P004";1;2e+05
205;"P004";1;2e+05
206;"P004";1;2e+05
207;"P004";1;2e+05
210;"P004";1;2e+05
212;"P004";1;2e+05
213;"P004";1;2e+05
214;"P004";1;2e+05
217;"P004";1;2e+05
218;"P004";1;2e+05
219;"P004";1;2e+05
226;"P004";1;2e+05
230;"P004";1;2e+05
235;"P004";1;2e+05
240;"P004";1;2e+05
244;"P004";1;2e+05
246;"P004";1;2e+05
247;"P004";1;2e+05
248;"P004";1;2e+05
249;"P004";1;2e+05
251;"P004";1;2e+05
252;"P004";1;2e+05
253;"P004";1;2e+05
254;"P004";1;2e+05
255;"P004";1;2e+05
256;"P004";1;2e+05
257;"P004";1;2e+05
259;"P004";1;2e+05
261;"P004";1;2e+05
266;"P004";1;2e+05
267;"P004";1;2e+05
268;"P004";1;2e+05
270;"P004";1;2e+05
272;"P004";1;2e+05
273;"P004";1;2e+05
278;"P004";1;2e+05
279;"P004";1;2e+05
280;"P004";1;2e+05
285;"P004";1;2e+05
286;"P004";1;2e+05
287;"P004";1;2e+05
288;"P004";1;2e+05
290;"P004";1;2e+05
291;"P004";1;2e+05
292;"P004";1;2e+05
293;"P004";1;2e+05
295;"P004";1;2e+05
299;"P004";1;2e+05
300;"P004";1;2e+05
501;"P004";1;2e+05
503;"P004";1;2e+05
505;"P004";1;2e+05
506;"P004";1;2e+05
507;"P004";1;2e+05
510;"P004";1;2e+05
512;"P004";1;2e+05
513;"P004";1;2e+05
514;"P004";1;2e+05
517;"P004";1;2e+05
518;"P004";1;2e+05
519;"P004";1;2e+05
526;"P004";1;2e+05
530;"P004";1;2e+05
535;"P004";1;2e+05
540;"P004";1;2e+05
544;"P004";1;2e+05
546;"P004";1;2e+05
547;"P004";1;2e+05
548;"P004";1;2e+05
549;"P004";1;2e+05
551;"P004";1;2e+05
552;"P004";1;2e+05
553;"P004";1;2e+05
554;"P004";1;2e+05
555;"P004";1;2e+05
556;"P004";1;2e+05
557;"P004";1;2e+05
559;"P004";1;2e+05
561;"P004";1;2e+05
566;"P004";1;2e+05
567;"P004";1;2e+05
568;"P004";1;2e+05
570;"P004";1;2e+05
572;"P004";1;2e+05
573;"P004";1;2e+05
578;"P004";1;2e+05
579;"P004";1;2e+05
580;"P004";1;2e+05
585;"P004";1;2e+05
586;"P004";1;2e+05
587;"P004";1;2e+05
588;"P004";1;2e+05
590;"P004";1;2e+05
591;"P004";1;2e+05
592;"P004";1;2e+05
593;"P004";1;2e+05
595;"P004";1;2e+05
599;"P004";1;2e+05
600;"P004";1;2e+05
801;"P004";1;2e+05
803;"P004";1;2e+05
805;"P004";1;2e+05
806;"P004";1;2e+05
807;"P004";1;2e+05
810;"P004";1;2e+05
812;"P004";1;2e+05
813;"P004";1;2e+05
814;"P004";1;2e+05
817;"P004";1;2e+05
818;"P004";1;2e+05
819;"P004";1;2e+05
826;"P004";1;2e+05
830;"P004";1;2e+05
835;"P004";1;2e+05
840;"P004";1;2e+05
844;"P004";1;2e+05
846;"P004";1;2e+05
847;"P004";1;2e+05
848;"P004";1;2e+05
849;"P004";1;2e+05
851;"P004";1;2e+05
852;"P004";1;2e+05
853;"P004";1;2e+05
854;"P004";1;2e+05
855;"P004";1;2e+05
856;"P004";1;2e+05
857;"P004";1;2e+05
859;"P004";1;2e+05
861;"P004";1;2e+05
866;"P004";1;2e+05
867;"P004";1;2e+05
868;"P004";1;2e+05
870;"P004";1;2e+05
872;"P004";1;2e+05
873;"P004";1;2e+05
878;"P004";1;2e+05
879;"P004";1;2e+05
880;"P004";1;2e+05
885;"P004";1;2e+05
886;"P004";1;2e+05
887;"P004";1;2e+05
888;"P004";1;2e+05
890;"P004";1;2e+05
891;"P004";1;2e+05
892;"P004";1;2e+05
893;"P004";1;2e+05
895;"P004";1;2e+05
899;"P004";1;2e+05
900;"P004";1;2e+05
1101;"P004";1;2e+05
1103;"P004";1;2e+05
1105;"P004";1;2e+05
1106;"P004";1;2e+05
1107;"P004";1;2e+05
1110;"P004";1;2e+05
1112;"P004";1;2e+05
1113;"P004";1;2e+05
1114;"P004";1;2e+05
1117;"P004";1;2e+05
1118;"P004";1;2e+05
1119;"P004";1;2e+05
1126;"P004";1;2e+05
1130;"P004";1;2e+05
1135;"P004";1;2e+05
1140;"P004";1;2e+05
1144;"P004";1;2e+05
1146;"P004";1;2e+05
1147;"P004";1;2e+05
1148;"P004";1;2e+05
1149;"P004";1;2e+05
1151;"P004";1;2e+05
1152;"P004";1;2e+05
1153;"P004";1;2e+05
1154;"P004";1;2e+05
1155;"P004";1;2e+05
1156;"P004";1;2e+05
1157;"P004";1;2e+05
1159;"P004";1;2e+05
1161;"P004";1;2e+05
1166;"P004";1;2e+05
1167;"P004";1;2e+05
1168;"P004";1;2e+05
1170;"P004";1;2e+05
1172;"P004";1;2e+05
1173;"P004";1;2e+05
1178;"P004";1;2e+05
1179;"P004";1;2e+05
1180;"P004";1;2e+05
1185;"P004";1;2e+05
1186;"P004";1;2e+05
1187;"P004";1;2e+05
1188;"P004";1;2e+05
1190;"P004";1;2e+05
1191;"P004";1;2e+05
1192;"P004";1;2e+05
1193;"P004";1;2e+05
1195;"P004";1;2e+05
1199;"P004";1;2e+05
1200;"P004";1;2e+05
202;"P006";10;50000
204;"P006";10;50000
208;"P006";10;50000
209;"P006";10;50000
211;"P006";10;50000
215;"P006";10;50000
216;"P006";10;50000
220;"P006";10;50000
221;"P006";10;50000
222;"P006";10;50000
223;"P006";10;50000
224;"P006";10;50000
225;"P006";10;50000
227;"P006";10;50000
228;"P006";10;50000
229;"P006";10;50000
231;"P006";10;50000
232;"P006";10;50000
233;"P006";10;50000
234;"P006";10;50000
236;"P006";10;50000
237;"P006";10;50000
238;"P006";10;50000
239;"P006";10;50000
241;"P006";10;50000
242;"P006";10;50000
243;"P006";10;50000
245;"P006";10;50000
250;"P006";10;50000
258;"P006";10;50000
260;"P006";10;50000
262;"P006";10;50000
263;"P006";10;50000
264;"P006";10;50000
265;"P006";10;50000
269;"P006";10;50000
271;"P006";10;50000
274;"P006";10;50000
275;"P006";10;50000
276;"P006";10;50000
277;"P006";10;50000
281;"P006";10;50000
282;"P006";10;50000
283;"P006";10;50000
284;"P006";10;50000
289;"P006";10;50000
294;"P006";10;50000
296;"P006";10;50000
297;"P006";10;50000
298;"P006";10;50000
502;"P006";10;50000
504;"P006";10;50000
508;"P006";10;50000
509;"P006";10;50000
511;"P006";10;50000
515;"P006";10;50000
516;"P006";10;50000
520;"P006";10;50000
521;"P006";10;50000
522;"P006";10;50000
523;"P006";10;50000
524;"P006";10;50000
525;"P006";10;50000
527;"P006";10;50000
528;"P006";10;50000
529;"P006";10;50000
531;"P006";10;50000
532;"P006";10;50000
533;"P006";10;50000
534;"P006";10;50000
536;"P006";10;50000
537;"P006";10;50000
538;"P006";10;50000
539;"P006";10;50000
541;"P006";10;50000
542;"P006";10;50000
543;"P006";10;50000
545;"P006";10;50000
550;"P006";10;50000
558;"P006";10;50000
560;"P006";10;50000
562;"P006";10;50000
563;"P006";10;50000
564;"P006";10;50000
565;"P006";10;50000
569;"P006";10;50000
571;"P006";10;50000
574;"P006";10;50000
575;"P006";10;50000
576;"P006";10;50000
577;"P006";10;50000
581;"P006";10;50000
582;"P006";10;50000
583;"P006";10;50000
584;"P006";10;50000
589;"P006";10;50000
594;"P006";10;50000
596;"P006";10;50000
597;"P006";10;50000
598;"P006";10;50000
802;"P006";10;50000
804;"P006";10;50000
808;"P006";10;50000
809;"P006";10;50000
811;"P006";10;50000
815;"P006";10;50000
816;"P006";10;50000
820;"P006";10;50000
821;"P006";10;50000
822;"P006";10;50000
823;"P006";10;50000
824;"P006";10;50000
825;"P006";10;50000
827;"P006";10;50000
828;"P006";10;50000
829;"P006";10;50000
831;"P006";10;50000
832;"P006";10;50000
833;"P006";10;50000
834;"P006";10;50000
836;"P006";10;50000
837;"P006";10;50000
838;"P006";10;50000
839;"P006";10;50000
841;"P006";10;50000
842;"P006";10;50000
843;"P006";10;50000
845;"P006";10;50000
850;"P006";10;50000
858;"P006";10;50000
860;"P006";10;50000
862;"P006";10;50000
863;"P006";10;50000
864;"P006";10;50000
865;"P006";10;50000
869;"P006";10;50000
871;"P006";10;50000
874;"P006";10;50000
875;"P006";10;50000
876;"P006";10;50000
877;"P006";10;50000
881;"P006";10;50000
882;"P006";10;50000
883;"P006";10;50000
884;"P006";10;50000
889;"P006";10;50000
894;"P006";10;50000
896;"P006";10;50000
897;"P006";10;50000
898;"P006";10;50000
1102;"P006";10;50000
1104;"P006";10;50000
1108;"P006";10;50000
1109;"P006";10;50000
1111;"P006";10;50000
1115;"P006";10;50000
1116;"P006";10;50000
1120;"P006";10;50000
1121;"P006";10;50000
1122;"P006";10;50000
1123;"P006";10;50000
1124;"P006";10;50000
1125;"P006";10;50000
1127;"P006";10;50000
1128;"P006";10;50000
1129;"P006";10;50000
1131;"P006";10;50000
1132;"P006";10;50000
1133;"P006";10;50000
1134;"P006";10;50000
1136;"P006";10;50000
1137;"P006";10;50000
1138;"P006";10;50000
1139;"P006";10;50000
1141;"P006";10;50000
1142;"P006";10;50000
1143;"P006";10;50000
1145;"P006";10;50000
1150;"P006";10;50000
1158;"P006";10;50000
1160;"P006";10;50000
1162;"P006";10;50000
1163;"P006";10;50000
1164;"P006";10;50000
1165;"P006";10;50000
1169;"P006";10;50000
1171;"P006";10;50000
1174;"P006";10;50000
1175;"P006";10;50000
1176;"P006";10;50000
1177;"P006";10;50000
1181;"P006";10;50000
1182;"P006";10;50000
1183;"P006";10;50000
1184;"P006";10;50000
1189;"P006";10;50000
1194;"P006";10;50000
1196;"P006";10;50000
1197;"P006";10;50000
1198;"P006";10;50000
202;"P001";1;120000
204;"P001";1;120000
208;"P001";1;120000
209;"P001";1;120000
211;"P001";1;120000
215;"P001";1;120000
216;"P001";1;120000
220;"P001";1;120000
221;"P001";1;120000
222;"P001";1;120000
223;"P001";1;120000
224;"P001";1;120000
225;"P001";1;120000
227;"P001";1;120000
228;"P001";1;120000
229;"P001";1;120000
231;"P001";1;120000
232;"P001";1;120000
233;"P001";1;120000
234;"P001";1;120000
236;"P001";1;120000
237;"P001";1;120000
238;"P001";1;120000
239;"P001";1;120000
241;"P001";1;120000
242;"P001";1;120000
243;"P001";1;120000
245;"P001";1;120000
250;"P001";1;120000
258;"P001";1;120000
260;"P001";1;120000
262;"P001";1;120000
263;"P001";1;120000
264;"P001";1;120000
265;"P001";1;120000
269;"P001";1;120000
271;"P001";1;120000
274;"P001";1;120000
275;"P001";1;120000
276;"P001";1;120000
277;"P001";1;120000
281;"P001";1;120000
282;"P001";1;120000
283;"P001";1;120000
284;"P001";1;120000
289;"P001";1;120000
294;"P001";1;120000
296;"P001";1;120000
297;"P001";1;120000
298;"P001";1;120000
502;"P001";1;120000
504;"P001";1;120000
508;"P001";1;120000
509;"P001";1;120000
511;"P001";1;120000
515;"P001";1;120000
516;"P001";1;120000
520;"P001";1;120000
521;"P001";1;120000
522;"P001";1;120000
523;"P001";1;120000
524;"P001";1;120000
525;"P001";1;120000
527;"P001";1;120000
528;"P001";1;120000
529;"P001";1;120000
531;"P001";1;120000
532;"P001";1;120000
533;"P001";1;120000
534;"P001";1;120000
536;"P001";1;120000
537;"P001";1;120000
538;"P001";1;120000
539;"P001";1;120000
541;"P001";1;120000
542;"P001";1;120000
543;"P001";1;120000
545;"P001";1;120000
550;"P001";1;120000
558;"P001";1;120000
560;"P001";1;120000
562;"P001";1;120000
563;"P001";1;120000
564;"P001";1;120000
565;"P001";1;120000
569;"P001";1;120000
571;"P001";1;120000
574;"P001";1;120000
575;"P001";1;120000
576;"P001";1;120000
577;"P001";1;120000
581;"P001";1;120000
582;"P001";1;120000
583;"P001";1;120000
584;"P001";1;120000
589;"P001";1;120000
594;"P001";1;120000
596;"P001";1;120000
597;"P001";1;120000
598;"P001";1;120000
802;"P001";1;120000
804;"P001";1;120000
808;"P001";1;120000
809;"P001";1;120000
811;"P001";1;120000
815;"P001";1;120000
816;"P001";1;120000
820;"P001";1;120000
821;"P001";1;120000
822;"P001";1;120000
823;"P001";1;120000
824;"P001";1;120000
825;"P001";1;120000
827;"P001";1;120000
828;"P001";1;120000
829;"P001";1;120000
831;"P001";1;120000
832;"P001";1;120000
833;"P001";1;120000
834;"P001";1;120000
836;"P001";1;120000
837;"P001";1;120000
838;"P001";1;120000
839;"P001";1;120000
841;"P001";1;120000
842;"P001";1;120000
843;"P001";1;120000
845;"P001";1;120000
850;"P001";1;120000
858;"P001";1;120000
860;"P001";1;120000
862;"P001";1;120000
863;"P001";1;120000
864;"P001";1;120000
865;"P001";1;120000
869;"P001";1;120000
871;"P001";1;120000
874;"P001";1;120000
875;"P001";1;120000
876;"P001";1;120000
877;"P001";1;120000
881;"P001";1;120000
882;"P001";1;120000
883;"P001";1;120000
884;"P001";1;120000
889;"P001";1;120000
894;"P001";1;120000
896;"P001";1;120000
897;"P001";1;120000
898;"P001";1;120000
1102;"P001";1;120000
1104;"P001";1;120000
1108;"P001";1;120000
1109;"P001";1;120000
1111;"P001";1;120000
1115;"P001";1;120000
1116;"P001";1;120000
1120;"P001";1;120000
1121;"P001";1;120000
1122;"P001";1;120000
1123;"P001";1;120000
1124;"P001";1;120000
1125;"P001";1;120000
1127;"P001";1;120000
1128;"P001";1;120000
1129;"P001";1;120000
1131;"P001";1;120000
1132;"P001";1;120000
1133;"P001";1;120000
1134;"P001";1;120000
1136;"P001";1;120000
1137;"P001";1;120000
1138;"P001";1;120000
1139;"P001";1;120000
1141;"P001";1;120000
1142;"P001";1;120000
1143;"P001";1;120000
1145;"P001";1;120000
1150;"P001";1;120000
1158;"P001";1;120000
1160;"P001";1;120000
1162;"P001";1;120000
1163;"P001";1;120000
1164;"P001";1;120000
1165;"P001";1;120000
1169;"P001";1;120000
1171;"P001";1;120000
1174;"P001";1;120000
1175;"P001";1;120000
1176;"P001";1;120000
1177;"P001";1;120000
1181;"P001";1;120000
1182;"P001";1;120000
1183;"P001";1;120000
1184;"P001";1;120000
1189;"P001";1;120000
1194;"P001";1;120000
1196;"P001";1;120000
1197;"P001";1;120000
1198;"P001";1;120000
