"Celulares";"Terrazas";"Electrodomesticos";"Ingresos";"Edad";"Casado";"Soltero"
0,998331942124796;-0,446467617340086;-0,705927286151579;0,25663299164436;2,63949171196394;0,705927286151579;-0,705927286151579
0,998331942124796;-0,446467617340086;-0,705927286151579;0,25663299164436;2,58751781227932;0,705927286151579;-0,705927286151579
-0,998331942124796;2,23233808670043;-0,705927286151579;1,92934548019932;2,53717427217023;0,705927286151579;-0,705927286151579
-0,998331942124796;2,23233808670043;-0,705927286151579;1,92934548019932;2,48836347012178;0,705927286151579;-0,705927286151579
-0,998331942124796;2,23233808670043;-0,705927286151579;1,92934548019932;2,44099331157226;0,705927286151579;-0,705927286151579
0,998331942124796;-0,446467617340086;-0,705927286151579;0,25663299164436;2,39498191384265;0,705927286151579;-0,705927286151579
-0,998331942124796;2,23233808670043;-0,705927286151579;1,92934548019932;2,35025422335048;0,705927286151579;-0,705927286151579
0,998331942124796;-0,446467617340086;-0,705927286151579;0,25663299164436;2,30673915435829;0,705927286151579;-0,705927286151579
0,998331942124796;-0,446467617340086;-0,705927286151579;0,25663299164436;2,26437404703823;0,705927286151579;-0,705927286151579
0,998331942124796;-0,446467617340086;-0,705927286151579;0,25663299164436;2,22309835798771;0,705927286151579;-0,705927286151579
0,998331942124796;-0,446467617340086;-0,705927286151579;0,25663299164436;2,18285809850322;0,705927286151579;-0,705927286151579
-0,998331942124796;2,23233808670043;-0,705927286151579;1,92934548019932;2,1436032274332;0,705927286151579;-0,705927286151579
0,998331942124796;-0,446467617340086;-0,705927286151579;0,25663299164436;2,10528540359069;0,705927286151579;-0,705927286151579
0,998331942124796;-0,446467617340086;-0,705927286151579;0,25663299164436;2,06786213653492;0,705927286151579;-0,705927286151579
0,998331942124796;-0,446467617340086;-0,705927286151579;0,25663299164436;2,03129143132295;0,705927286151579;-0,705927286151579
0,998331942124796;-0,446467617340086;-0,705927286151579;0,25663299164436;1,99553587577438;0,705927286151579;-0,705927286151579
-0,998331942124796;2,23233808670043;-0,705927286151579;1,92934548019932;1,96056049207059;0,705927286151579;-0,705927286151579
-0,998331942124796;2,23233808670043;-0,705927286151579;1,92934548019932;1,92633085574275;0,705927286151579;-0,705927286151579
-0,998331942124796;2,23233808670043;-0,705927286151579;1,92934548019932;1,89281690943061;0,705927286151579;-0,705927286151579
-0,998331942124796;2,23233808670043;-0,705927286151579;1,92934548019932;1,85998827716172;0,705927286151579;-0,705927286151579
0,998331942124796;-0,446467617340086;-0,705927286151579;0,25663299164436;1,82781800643842;0,705927286151579;-0,705927286151579
0,998331942124796;-0,446467617340086;-0,705927286151579;0,25663299164436;1,7962807240046;0,705927286151579;-0,705927286151579
0,998331942124796;-0,446467617340086;-0,705927286151579;0,25663299164436;1,76535100039937;0,705927286151579;-0,705927286151579
-0,998331942124796;2,23233808670043;-0,705927286151579;1,92934548019932;1,73500684966882;0,705927286151579;-0,705927286151579
-0,998331942124796;2,23233808670043;-0,705927286151579;1,92934548019932;1,70522554725055;0,705927286151579;-0,705927286151579
-0,998331942124796;2,23233808670043;-0,705927286151579;1,92934548019932;1,67598706117329;0,705927286151579;-0,705927286151579
-0,998331942124796;2,23233808670043;-0,705927286151579;1,92934548019932;1,64727242655847;0,705927286151579;-0,705927286151579
0,998331942124796;-0,446467617340086;-0,705927286151579;0,25663299164436;1,61906228871383;0,705927286151579;-0,705927286151579
0,998331942124796;-0,446467617340086;-0,705927286151579;0,25663299164436;1,59134012390569;0,705927286151579;-0,705927286151579
-0,998331942124796;2,23233808670043;-0,705927286151579;1,92934548019932;1,56408845413984;0,705927286151579;-0,705927286151579
0,998331942124796;-0,446467617340086;-0,705927286151579;0,25663299164436;1,53729200582763;0,705927286151579;-0,705927286151579
-0,998331942124796;2,23233808670043;-0,705927286151579;1,92934548019932;1,51093625092392;0,705927286151579;-0,705927286151579
0,998331942124796;-0,446467617340086;-0,705927286151579;0,25663299164436;1,48500608757405;0,705927286151579;-0,705927286151579
0,998331942124796;-0,446467617340086;-0,705927286151579;0,25663299164436;1,45948881673709;0,705927286151579;-0,705927286151579
0,998331942124796;-0,446467617340086;-0,705927286151579;0,25663299164436;1,43437068015602;0,705927286151579;-0,705927286151579
-0,998331942124796;2,23233808670043;-0,705927286151579;1,92934548019932;1,40963978173354;0,705927286151579;-0,705927286151579
-0,998331942124796;2,23233808670043;-0,705927286151579;1,92934548019932;1,38528476099544;0,705927286151579;-0,705927286151579
-0,998331942124796;2,23233808670043;-0,705927286151579;1,92934548019932;1,36129358418167;0,705927286151579;-0,705927286151579
-0,998331942124796;2,23233808670043;-0,705927286151579;1,92934548019932;1,33765630767127;0,705927286151579;-0,705927286151579
0,998331942124796;-0,446467617340086;-0,705927286151579;0,25663299164436;1,31436188549699;0,705927286151579;-0,705927286151579
-0,998331942124796;2,23233808670043;-0,705927286151579;1,92934548019932;1,29140088389447;0,705927286151579;-0,705927286151579
0,998331942124796;-0,446467617340086;-0,705927286151579;0,25663299164436;1,26876426310127;0,705927286151579;-0,705927286151579
-0,998331942124796;2,23233808670043;-0,705927286151579;1,92934548019932;1,24644225982503;0,705927286151579;-0,705927286151579
0,998331942124796;-0,446467617340086;-0,705927286151579;0,25663299164436;1,22442696399512;0,705927286151579;-0,705927286151579
0,998331942124796;-0,446467617340086;-0,705927286151579;0,25663299164436;1,20270935522325;0,705927286151579;-0,705927286151579
0,998331942124796;-0,446467617340086;-0,705927286151579;0,25663299164436;1,18128183630306;0,705927286151579;-0,705927286151579
0,998331942124796;-0,446467617340086;-0,705927286151579;0,25663299164436;1,16013710577209;0,705927286151579;-0,705927286151579
0,998331942124796;-0,446467617340086;-0,705927286151579;0,25663299164436;1,13926711768938;0,705927286151579;-0,705927286151579
0,998331942124796;-0,446467617340086;-0,705927286151579;0,25663299164436;1,118665494159;0,705927286151579;-0,705927286151579
0,998331942124796;-0,446467617340086;-0,705927286151579;0,25663299164436;1,09832475907927;0,705927286151579;-0,705927286151579
-0,998331942124796;2,23233808670043;-0,705927286151579;1,92934548019932;1,07823871227842;0,705927286151579;-0,705927286151579
0,998331942124796;-0,446467617340086;-0,705927286151579;0,25663299164436;1,05840137948864;0,705927286151579;-0,705927286151579
0,998331942124796;-0,446467617340086;-0,705927286151579;0,25663299164436;1,03880603865976;0,705927286151579;-0,705927286151579
0,998331942124796;-0,446467617340086;-0,705927286151579;0,25663299164436;1,01944748720347;0,705927286151579;-0,705927286151579
0,998331942124796;-0,446467617340086;-0,705927286151579;0,25663299164436;1,00031944775923;0,705927286151579;-0,705927286151579
-0,998331942124796;2,23233808670043;-0,705927286151579;1,92934548019932;0,981416801227692;0,705927286151579;-0,705927286151579
0,998331942124796;-0,446467617340086;-0,705927286151579;0,25663299164436;0,962734603716368;0,705927286151579;-0,705927286151579
-0,998331942124796;2,23233808670043;-0,705927286151579;1,92934548019932;0,944267170893658;0,705927286151579;-0,705927286151579
-0,998331942124796;2,23233808670043;-0,705927286151579;1,92934548019932;0,926010215989187;0,705927286151579;-0,705927286151579
-0,998331942124796;2,23233808670043;-0,705927286151579;1,92934548019932;0,907958407016985;0,705927286151579;-0,705927286151579
0,998331942124796;-0,446467617340086;-0,705927286151579;0,25663299164436;0,890107474148775;0,705927286151579;-0,705927286151579
-0,998331942124796;2,23233808670043;-0,705927286151579;1,92934548019932;0,872453285274688;0,705927286151579;-0,705927286151579
-0,998331942124796;2,23233808670043;-0,705927286151579;1,92934548019932;0,854990981540379;0,705927286151579;-0,705927286151579
-0,998331942124796;2,23233808670043;-0,705927286151579;1,92934548019932;0,83771699973613;0,705927286151579;-0,705927286151579
-0,998331942124796;2,23233808670043;-0,705927286151579;1,92934548019932;0,820626763988904;0,705927286151579;-0,705927286151579
0,998331942124796;-0,446467617340086;-0,705927286151579;0,25663299164436;0,803716680605869;0,705927286151579;-0,705927286151579
-0,998331942124796;2,23233808670043;-0,705927286151579;1,92934548019932;0,786983265433724;0,705927286151579;-0,705927286151579
-0,998331942124796;2,23233808670043;-0,705927286151579;1,92934548019932;0,770422324939083;0,705927286151579;-0,705927286151579
-0,998331942124796;2,23233808670043;-0,705927286151579;1,92934548019932;0,754030874640676;0,705927286151579;-0,705927286151579
-0,998331942124796;2,23233808670043;-0,705927286151579;1,92934548019932;0,737804951048262;0,705927286151579;-0,705927286151579
0,998331942124796;-0,446467617340086;-0,705927286151579;0,25663299164436;0,721741505208878;0,705927286151579;-0,705927286151579
-0,998331942124796;2,23233808670043;-0,705927286151579;1,92934548019932;0,705837576216482;0,705927286151579;-0,705927286151579
-0,998331942124796;2,23233808670043;-0,705927286151579;1,92934548019932;0,690089513125251;0,705927286151579;-0,705927286151579
-0,998331942124796;2,23233808670043;-0,705927286151579;1,92934548019932;0,674494799446943;0,705927286151579;-0,705927286151579
0,998331942124796;-0,446467617340086;-0,705927286151579;0,25663299164436;0,659049973296784;0,705927286151579;-0,705927286151579
-0,998331942124796;2,23233808670043;-0,705927286151579;1,92934548019932;0,643752429310602;0,705927286151579;-0,705927286151579
-0,998331942124796;2,23233808670043;-0,705927286151579;1,92934548019932;0,628599633562481;0,705927286151579;-0,705927286151579
-0,998331942124796;2,23233808670043;-0,705927286151579;1,92934548019932;0,613588382326101;0,705927286151579;-0,705927286151579
-0,998331942124796;2,23233808670043;-0,705927286151579;1,92934548019932;0,598716541306423;0,705927286151579;-0,705927286151579
-0,998331942124796;2,23233808670043;-0,705927286151579;1,92934548019932;0,583981063701065;0,705927286151579;-0,705927286151579
-0,998331942124796;2,23233808670043;-0,705927286151579;1,92934548019932;0,569379708860337;0,705927286151579;-0,705927286151579
0,998331942124796;-0,446467617340086;-0,705927286151579;0,25663299164436;0,554910294586178;0,705927286151579;-0,705927286151579
0,998331942124796;-0,446467617340086;-0,705927286151579;0,25663299164436;0,54056998933349;0,705927286151579;-0,705927286151579
0,998331942124796;-0,446467617340086;-0,705927286151579;0,25663299164436;0,526356973718387;0,705927286151579;-0,705927286151579
-0,998331942124796;2,23233808670043;-0,705927286151579;1,92934548019932;0,512268547622966;0,705927286151579;-0,705927286151579
-0,998331942124796;2,23233808670043;-0,705927286151579;1,92934548019932;0,498302772889978;0,705927286151579;-0,705927286151579
0,998331942124796;-0,446467617340086;-0,705927286151579;0,25663299164436;0,484457759550309;0,705927286151579;-0,705927286151579
0,998331942124796;-0,446467617340086;-0,705927286151579;0,25663299164436;0,470730988522816;0,705927286151579;-0,705927286151579
0,998331942124796;-0,446467617340086;-0,705927286151579;0,25663299164436;0,457120901996529;0,705927286151579;-0,705927286151579
-0,998331942124796;2,23233808670043;-0,705927286151579;1,92934548019932;0,443625091872825;0,705927286151579;-0,705927286151579
0,998331942124796;-0,446467617340086;-0,705927286151579;0,25663299164436;0,430241872880434;0,705927286151579;-0,705927286151579
-0,998331942124796;2,23233808670043;-0,705927286151579;1,92934548019932;0,416969599745947;0,705927286151579;-0,705927286151579
-0,998331942124796;2,23233808670043;-0,705927286151579;1,92934548019932;0,403806017832184;0,705927286151579;-0,705927286151579
0,998331942124796;-0,446467617340086;-0,705927286151579;0,25663299164436;0,390749788195803;0,705927286151579;-0,705927286151579
0,998331942124796;-0,446467617340086;-0,705927286151579;0,25663299164436;0,37779875062836;0,705927286151579;-0,705927286151579
0,998331942124796;-0,446467617340086;-0,705927286151579;0,25663299164436;0,364951432812965;0,705927286151579;-0,705927286151579
-0,998331942124796;2,23233808670043;-0,705927286151579;1,92934548019932;0,352206395836577;0,705927286151579;-0,705927286151579
0,998331942124796;-0,446467617340086;-0,705927286151579;0,25663299164436;0,339561610523632;0,705927286151579;-0,705927286151579
-0,998331942124796;2,23233808670043;-0,705927286151579;1,92934548019932;0,327015922295165;0,705927286151579;-0,705927286151579
0,998331942124796;-0,446467617340086;-0,705927286151579;0,25663299164436;0,314567382880702;0,705927286151579;-0,705927286151579
0,998331942124796;-0,446467617340086;-0,705927286151579;-0,96537780814792;0,267119918383855;0,705927286151579;-0,705927286151579
0,998331942124796;-0,446467617340086;-0,705927286151579;0,25663299164436;0,254946521451111;0,705927286151579;-0,705927286151579
0,998331942124796;-0,446467617340086;-0,705927286151579;-0,96537780814792;0,242864806613933;0,705927286151579;-0,705927286151579
0,998331942124796;-0,446467617340086;-0,705927286151579;-0,96537780814792;0,230873597167997;0,705927286151579;-0,705927286151579
0,998331942124796;-0,446467617340086;-0,705927286151579;0,25663299164436;0,218971163608378;0,705927286151579;-0,705927286151579
0,998331942124796;-0,446467617340086;-0,705927286151579;-0,96537780814792;0,207156390805845;0,705927286151579;-0,705927286151579
0,998331942124796;-0,446467617340086;-0,705927286151579;0,25663299164436;0,195427996961873;0,705927286151579;-0,705927286151579
0,998331942124796;-0,446467617340086;-0,705927286151579;0,25663299164436;0,183784728188202;0,705927286151579;-0,705927286151579
0,998331942124796;-0,446467617340086;-0,705927286151579;0,25663299164436;0,172225357702367;0,705927286151579;-0,705927286151579
0,998331942124796;-0,446467617340086;-0,705927286151579;-0,96537780814792;0,160748685051997;0,705927286151579;-0,705927286151579
0,998331942124796;-0,446467617340086;-0,705927286151579;-0,96537780814792;0,149353535366696;0,705927286151579;-0,705927286151579
0,998331942124796;-0,446467617340086;-0,705927286151579;-0,96537780814792;0,138038941689298;0,705927286151579;-0,705927286151579
0,998331942124796;-0,446467617340086;-0,705927286151579;-0,96537780814792;0,126803410789683;0,705927286151579;-0,705927286151579
0,998331942124796;-0,446467617340086;-0,705927286151579;0,25663299164436;0,115646024661204;0,705927286151579;-0,705927286151579
0,998331942124796;-0,446467617340086;-0,705927286151579;0,25663299164436;0,104565703790941;0,705927286151579;-0,705927286151579
0,998331942124796;-0,446467617340086;-0,705927286151579;0,25663299164436;0,0935613908816245;0,705927286151579;-0,705927286151579
0,998331942124796;-0,446467617340086;-0,705927286151579;-0,96537780814792;0,0826320502462551;0,705927286151579;-0,705927286151579
0,998331942124796;-0,446467617340086;-0,705927286151579;0,25663299164436;0,0717766672230932;0,705927286151579;-0,705927286151579
0,998331942124796;-0,446467617340086;-0,705927286151579;-0,96537780814792;0,0609942476104268;0,705927286151579;-0,705927286151579
0,998331942124796;-0,446467617340086;-0,705927286151579;0,25663299164436;0,0502839904285165;0,705927286151579;-0,705927286151579
0,998331942124796;-0,446467617340086;-0,705927286151579;-0,96537780814792;0,0396445930121721;0,705927286151579;-0,705927286151579
0,998331942124796;-0,446467617340086;-0,705927286151579;-0,96537780814792;0,0290752938020288;0,705927286151579;-0,705927286151579
0,998331942124796;-0,446467617340086;-0,705927286151579;0,25663299164436;0,0185751751496367;0,705927286151579;-0,705927286151579
0,998331942124796;-0,446467617340086;-0,705927286151579;0,25663299164436;0,00814333730868477;0,705927286151579;-0,705927286151579
0,998331942124796;-0,446467617340086;-0,705927286151579;0,25663299164436;-0,00222110202763954;0,705927286151579;-0,705927286151579
0,998331942124796;-0,446467617340086;-0,705927286151579;-0,96537780814792;-0,0125190081744562;0,705927286151579;-0,705927286151579
0,998331942124796;-0,446467617340086;-0,705927286151579;0,25663299164436;-0,0227512298887527;0,705927286151579;-0,705927286151579
0,998331942124796;-0,446467617340086;-0,705927286151579;-0,96537780814792;-0,0329184352403208;0,705927286151579;-0,705927286151579
0,998331942124796;-0,446467617340086;-0,705927286151579;-0,96537780814792;-0,0430217712466153;0,705927286151579;-0,705927286151579
0,998331942124796;-0,446467617340086;-0,705927286151579;-0,96537780814792;-0,0530618738617073;0,705927286151579;-0,705927286151579
0,998331942124796;-0,446467617340086;-0,705927286151579;0,25663299164436;-0,0630395296782946;0,705927286151579;-0,705927286151579
0,998331942124796;-0,446467617340086;-0,705927286151579;0,25663299164436;-0,0729555107025145;0,705927286151579;-0,705927286151579
0,998331942124796;-0,446467617340086;-0,705927286151579;0,25663299164436;-0,0828105747123744;0,705927286151579;-0,705927286151579
0,998331942124796;-0,446467617340086;-0,705927286151579;0,25663299164436;-0,0926054656052538;0,705927286151579;-0,705927286151579
0,998331942124796;-0,446467617340086;-0,705927286151579;0,25663299164436;-0,102340913734871;0,705927286151579;-0,705927286151579
0,998331942124796;-0,446467617340086;-0,705927286151579;-0,96537780814792;-0,11201747960598;0,705927286151579;-0,705927286151579
0,998331942124796;-0,446467617340086;-0,705927286151579;-0,96537780814792;-0,121636181656029;0,705927286151579;-0,705927286151579
0,998331942124796;-0,446467617340086;-0,705927286151579;0,25663299164436;-0,131197553950085;0,705927286151579;-0,705927286151579
0,998331942124796;-0,446467617340086;-0,705927286151579;-0,96537780814792;-0,140702275839071;0,705927286151579;-0,705927286151579
0,998331942124796;-0,446467617340086;-0,705927286151579;0,25663299164436;-0,150151014669639;0,705927286151579;-0,705927286151579
0,998331942124796;-0,446467617340086;-0,705927286151579;0,25663299164436;-0,159544426065367;0,705927286151579;-0,705927286151579
0,998331942124796;-0,446467617340086;-0,705927286151579;0,25663299164436;-0,168883154199734;0,705927286151579;-0,705927286151579
0,998331942124796;-0,446467617340086;-0,705927286151579;-0,96537780814792;-0,178167832061189;0,705927286151579;-0,705927286151579
0,998331942124796;-0,446467617340086;-0,705927286151579;-0,96537780814792;-0,187398932268464;0,705927286151579;-0,705927286151579
0,998331942124796;-0,446467617340086;-0,705927286151579;-0,96537780814792;-0,1965773659419;0,705927286151579;-0,705927286151579
0,998331942124796;-0,446467617340086;-0,705927286151579;0,25663299164436;-0,205703583726003;0,705927286151579;-0,705927286151579
0,998331942124796;-0,446467617340086;-0,705927286151579;0,25663299164436;-0,214778176371478;0,705927286151579;-0,705927286151579
0,998331942124796;-0,446467617340086;-0,705927286151579;-0,96537780814792;-0,22380172466009;0,705927286151579;-0,705927286151579
0,998331942124796;-0,446467617340086;-0,705927286151579;-0,96537780814792;-0,232774799627755;0,705927286151579;-0,705927286151579
0,998331942124796;-0,446467617340086;-0,705927286151579;0,25663299164436;-0,241697962781326;0,705927286151579;-0,705927286151579
0,998331942124796;-0,446467617340086;-0,705927286151579;0,25663299164436;-0,250571766309471;0,705927286151579;-0,705927286151579
0,998331942124796;-0,446467617340086;-0,705927286151579;0,25663299164436;-0,259396610404356;0,705927286151579;-0,705927286151579
0,998331942124796;-0,446467617340086;-0,705927286151579;0,25663299164436;-0,268173315774117;0,705927286151579;-0,705927286151579
0,998331942124796;-0,446467617340086;-0,705927286151579;-0,96537780814792;-0,276902264189468;0,705927286151579;-0,705927286151579
0,998331942124796;-0,446467617340086;-0,705927286151579;0,25663299164436;-0,28558397256173;0,705927286151579;-0,705927286151579
0,998331942124796;-0,446467617340086;-0,705927286151579;-0,96537780814792;-0,294218949454967;0,705927286151579;-0,705927286151579
0,998331942124796;-0,446467617340086;-0,705927286151579;-0,96537780814792;-0,302807695264775;0,705927286151579;-0,705927286151579
0,998331942124796;-0,446467617340086;-0,705927286151579;0,25663299164436;-0,311350702392219;0,705927286151579;-0,705927286151579
0,998331942124796;-0,446467617340086;-0,705927286151579;-0,96537780814792;-0,319848455413307;0,705927286151579;-0,705927286151579
0,998331942124796;-0,446467617340086;-0,705927286151579;0,25663299164436;-0,328301294367803;0,705927286151579;-0,705927286151579
0,998331942124796;-0,446467617340086;-0,705927286151579;-0,96537780814792;-0,336709963139702;0,705927286151579;-0,705927286151579
0,998331942124796;-0,446467617340086;-0,705927286151579;-0,96537780814792;-0,345074786203065;0,705927286151579;-0,705927286151579
0,998331942124796;-0,446467617340086;-0,705927286151579;-0,96537780814792;-0,353396218440392;0,705927286151579;-0,705927286151579
0,998331942124796;-0,446467617340086;-0,705927286151579;0,25663299164436;-0,361674707691852;0,705927286151579;-0,705927286151579
0,998331942124796;-0,446467617340086;-0,705927286151579;0,25663299164436;-0,369910694899909;0,705927286151579;-0,705927286151579
0,998331942124796;-0,446467617340086;-0,705927286151579;0,25663299164436;-0,378104614250237;0,705927286151579;-0,705927286151579
0,998331942124796;-0,446467617340086;-0,705927286151579;0,25663299164436;-0,386256893309075;0,705927286151579;-0,705927286151579
0,998331942124796;-0,446467617340086;-0,705927286151579;0,25663299164436;-0,394367821803585;0,705927286151579;-0,705927286151579
0,998331942124796;-0,446467617340086;-0,705927286151579;-0,96537780814792;-0,402438077825622;0,705927286151579;-0,705927286151579
0,998331942124796;-0,446467617340086;-0,705927286151579;-0,96537780814792;-0,410467937853773;0,705927286151579;-0,705927286151579
0,998331942124796;-0,446467617340086;-0,705927286151579;-0,96537780814792;-0,418457804282223;0,705927286151579;-0,705927286151579
0,998331942124796;-0,446467617340086;-0,705927286151579;-0,96537780814792;-0,426408073522475;0,705927286151579;-0,705927286151579
0,998331942124796;-0,446467617340086;-0,705927286151579;0,25663299164436;-0,434319136121269;0,705927286151579;-0,705927286151579
0,998331942124796;-0,446467617340086;-0,705927286151579;-0,96537780814792;-0,442191376875771;0,705927286151579;-0,705927286151579
0,998331942124796;-0,446467617340086;-0,705927286151579;-0,96537780814792;-0,450025174945857;0,705927286151579;-0,705927286151579
0,998331942124796;-0,446467617340086;-0,705927286151579;-0,96537780814792;-0,457820777704341;0,705927286151579;-0,705927286151579
0,998331942124796;-0,446467617340086;-0,705927286151579;-0,96537780814792;-0,465578806490441;0,705927286151579;-0,705927286151579
0,998331942124796;-0,446467617340086;-0,705927286151579;-0,96537780814792;-0,473299497324794;0,705927286151579;-0,705927286151579
0,998331942124796;-0,446467617340086;-0,705927286151579;-0,96537780814792;-0,480983207887896;0,705927286151579;-0,705927286151579
0,998331942124796;-0,446467617340086;-0,705927286151579;-0,96537780814792;-0,488630290745099;0,705927286151579;-0,705927286151579
0,998331942124796;-0,446467617340086;-0,705927286151579;0,25663299164436;-0,49624109344372;0,705927286151579;-0,705927286151579
0,998331942124796;-0,446467617340086;-0,705927286151579;0,25663299164436;-0,50381595860776;0,705927286151579;-0,705927286151579
0,998331942124796;-0,446467617340086;-0,705927286151579;0,25663299164436;-0,511355224030519;0,705927286151579;-0,705927286151579
0,998331942124796;-0,446467617340086;-0,705927286151579;-0,96537780814792;-0,51885910121941;0,705927286151579;-0,705927286151579
0,998331942124796;-0,446467617340086;-0,705927286151579;0,25663299164436;-0,526328162230983;0,705927286151579;-0,705927286151579
0,998331942124796;-0,446467617340086;-0,705927286151579;0,25663299164436;-0,533762608784965;0,705927286151579;-0,705927286151579
0,998331942124796;-0,446467617340086;-0,705927286151579;0,25663299164436;-0,541162760234928;0,705927286151579;-0,705927286151579
0,998331942124796;-0,446467617340086;-0,705927286151579;-0,96537780814792;-0,548528931535201;0,705927286151579;-0,705927286151579
0,998331942124796;-0,446467617340086;-0,705927286151579;-0,96537780814792;-0,555861433321275;0,705927286151579;-0,705927286151579
0,998331942124796;-0,446467617340086;-0,705927286151579;0,25663299164436;-0,563160571988435;0,705927286151579;-0,705927286151579
0,998331942124796;-0,446467617340086;-0,705927286151579;-0,96537780814792;-0,570426532068018;0,705927286151579;-0,705927286151579
0,998331942124796;-0,446467617340086;-0,705927286151579;-0,96537780814792;-0,577659847634193;0,705927286151579;-0,705927286151579
0,998331942124796;-0,446467617340086;-0,705927286151579;0,25663299164436;-0,584860694580855;0,705927286151579;-0,705927286151579
0,998331942124796;-0,446467617340086;-0,705927286151579;0,25663299164436;-0,592029363093599;0,705927286151579;-0,705927286151579
0,998331942124796;-0,446467617340086;-0,705927286151579;-0,96537780814792;-0,599166139485079;0,705927286151579;-0,705927286151579
0,998331942124796;-0,446467617340086;-0,705927286151579;0,25663299164436;-0,606271306263591;0,705927286151579;-0,705927286151579
0,998331942124796;-0,446467617340086;-0,705927286151579;-0,96537780814792;-0,613345142200176;0,705927286151579;-0,705927286151579
0,998331942124796;-0,446467617340086;-0,705927286151579;0,25663299164436;-0,620387922394288;0,705927286151579;-0,705927286151579
0,998331942124796;-0,446467617340086;-0,705927286151579;-0,96537780814792;-0,627399804744173;0,705927286151579;-0,705927286151579
0,998331942124796;-0,446467617340086;-0,705927286151579;0,25663299164436;-0,634381284878013;0,705927286151579;-0,705927286151579
-0,998331942124796;-0,446467617340086;1,41185457230316;-0,96537780814792;-0,681828781006806;-1,41185457230316;1,41185457230316
-0,998331942124796;-0,446467617340086;1,41185457230316;-0,511855847192196;-0,688718020453744;-1,41185457230316;1,41185457230316
-0,998331942124796;-0,446467617340086;1,41185457230316;-0,96537780814792;-0,69557790934515;-1,41185457230316;1,41185457230316
-0,998331942124796;-0,446467617340086;1,41185457230316;-0,96537780814792;-0,7024084803575;-1,41185457230316;1,41185457230316
-0,998331942124796;-0,446467617340086;1,41185457230316;-0,511855847192196;-0,70921009050688;-1,41185457230316;1,41185457230316
-0,998331942124796;-0,446467617340086;1,41185457230316;-0,511855847192196;-0,715983091829693;-1,41185457230316;1,41185457230316
-0,998331942124796;-0,446467617340086;1,41185457230316;-0,511855847192196;-0,722727510353397;-1,41185457230316;1,41185457230316
-0,998331942124796;-0,446467617340086;1,41185457230316;-0,511855847192196;-0,729443799045039;-1,41185457230316;1,41185457230316
-0,998331942124796;-0,446467617340086;1,41185457230316;-0,96537780814792;-0,736131979720974;-1,41185457230316;1,41185457230316
-0,998331942124796;-0,446467617340086;1,41185457230316;-0,511855847192196;-0,742792391934632;-1,41185457230316;1,41185457230316
-0,998331942124796;-0,446467617340086;1,41185457230316;-0,511855847192196;-0,749425370588631;-1,41185457230316;1,41185457230316
-0,998331942124796;-0,446467617340086;1,41185457230316;-0,96537780814792;-0,756030931495741;-1,41185457230316;1,41185457230316
-0,998331942124796;-0,446467617340086;1,41185457230316;-0,511855847192196;-0,762609404368005;-1,41185457230316;1,41185457230316
-0,998331942124796;-0,446467617340086;1,41185457230316;-0,511855847192196;-0,769161114449546;-1,41185457230316;1,41185457230316
-0,998331942124796;-0,446467617340086;1,41185457230316;-0,511855847192196;-0,775686071903526;-1,41185457230316;1,41185457230316
-0,998331942124796;-0,446467617340086;1,41185457230316;-0,511855847192196;-0,782184700189184;-1,41185457230316;1,41185457230316
-0,998331942124796;-0,446467617340086;1,41185457230316;-0,511855847192196;-0,788657005888624;-1,41185457230316;1,41185457230316
-0,998331942124796;-0,446467617340086;1,41185457230316;-0,511855847192196;-0,795103303283338;-1,41185457230316;1,41185457230316
-0,998331942124796;-0,446467617340086;1,41185457230316;-0,511855847192196;-0,801523902470073;-1,41185457230316;1,41185457230316
-0,998331942124796;-0,446467617340086;1,41185457230316;-0,96537780814792;-0,807918804921694;-1,41185457230316;1,41185457230316
-0,998331942124796;-0,446467617340086;1,41185457230316;-0,511855847192196;-0,814288417305567;-1,41185457230316;1,41185457230316
-0,998331942124796;-0,446467617340086;1,41185457230316;-0,96537780814792;-0,820632737854634;-1,41185457230316;1,41185457230316
-0,998331942124796;-0,446467617340086;1,41185457230316;-0,96537780814792;-0,826952066535314;-1,41185457230316;1,41185457230316
-0,998331942124796;-0,446467617340086;1,41185457230316;-0,96537780814792;-0,83324669938785;-1,41185457230316;1,41185457230316
-0,998331942124796;-0,446467617340086;1,41185457230316;-0,96537780814792;-0,83951663002074;-1,41185457230316;1,41185457230316
-0,998331942124796;-0,446467617340086;1,41185457230316;-0,511855847192196;-0,845762249441134;-1,41185457230316;1,41185457230316
-0,998331942124796;-0,446467617340086;1,41185457230316;-0,511855847192196;-0,85198354832389;-1,41185457230316;1,41185457230316
-0,998331942124796;-0,446467617340086;1,41185457230316;-0,511855847192196;-0,858180813332909;-1,41185457230316;1,41185457230316
-0,998331942124796;-0,446467617340086;1,41185457230316;-0,96537780814792;-0,86435432744252;-1,41185457230316;1,41185457230316
-0,998331942124796;-0,446467617340086;1,41185457230316;-0,96537780814792;-0,870504077138821;-1,41185457230316;1,41185457230316
-0,998331942124796;-0,446467617340086;1,41185457230316;-0,511855847192196;-0,876630341551693;-1,41185457230316;1,41185457230316
-0,998331942124796;-0,446467617340086;1,41185457230316;-0,511855847192196;-0,882733396253852;-1,41185457230316;1,41185457230316
-0,998331942124796;-0,446467617340086;1,41185457230316;-0,96537780814792;-0,888813223782859;-1,41185457230316;1,41185457230316
-0,998331942124796;-0,446467617340086;1,41185457230316;-0,511855847192196;-0,894870192196703;-1,41185457230316;1,41185457230316
-0,998331942124796;-0,446467617340086;1,41185457230316;-0,96537780814792;-0,900904281526795;-1,41185457230316;1,41185457230316
-0,998331942124796;-0,446467617340086;1,41185457230316;-0,511855847192196;-0,906915759034219;-1,41185457230316;1,41185457230316
-0,998331942124796;-0,446467617340086;1,41185457230316;-0,511855847192196;-0,912904888629075;-1,41185457230316;1,41185457230316
-0,998331942124796;-0,446467617340086;1,41185457230316;-0,96537780814792;-0,91887164676276;-1,41185457230316;1,41185457230316
-0,998331942124796;-0,446467617340086;1,41185457230316;-0,511855847192196;-0,92481638833159;-1,41185457230316;1,41185457230316
-0,998331942124796;-0,446467617340086;1,41185457230316;-0,511855847192196;-0,930739087514135;-1,41185457230316;1,41185457230316
-0,998331942124796;-0,446467617340086;1,41185457230316;-0,96537780814792;-0,9366400004972;-1,41185457230316;1,41185457230316
-0,998331942124796;-0,446467617340086;1,41185457230316;-0,96537780814792;-0,942519380306211;-1,41185457230316;1,41185457230316
-0,998331942124796;-0,446467617340086;1,41185457230316;-0,96537780814792;-0,948377197872327;-1,41185457230316;1,41185457230316
-0,998331942124796;-0,446467617340086;1,41185457230316;-0,511855847192196;-0,95421370309039;-1,41185457230316;1,41185457230316
-0,998331942124796;-0,446467617340086;1,41185457230316;-0,511855847192196;-0,960029142800449;-1,41185457230316;1,41185457230316
-0,998331942124796;-0,446467617340086;1,41185457230316;-0,511855847192196;-0,96582348487019;-1,41185457230316;1,41185457230316
-0,998331942124796;-0,446467617340086;1,41185457230316;-0,96537780814792;-0,971597064808657;-1,41185457230316;1,41185457230316
-0,998331942124796;-0,446467617340086;1,41185457230316;-0,511855847192196;-0,977349848538123;-1,41185457230316;1,41185457230316
-0,998331942124796;-0,446467617340086;1,41185457230316;-0,511855847192196;-0,983082076011175;-1,41185457230316;1,41185457230316
-0,998331942124796;-0,446467617340086;1,41185457230316;-0,96537780814792;-0,98879398429209;-1,41185457230316;1,41185457230316
-0,998331942124796;-0,446467617340086;1,41185457230316;-0,96537780814792;-0,994485536522811;-1,41185457230316;1,41185457230316
-0,998331942124796;-0,446467617340086;1,41185457230316;-0,96537780814792;-1,00015705703793;-1,41185457230316;1,41185457230316
-0,998331942124796;-0,446467617340086;1,41185457230316;-0,96537780814792;-1,00580850721355;-1,41185457230316;1,41185457230316
-0,998331942124796;-0,446467617340086;1,41185457230316;-0,96537780814792;-1,01144011769113;-1,41185457230316;1,41185457230316
-0,998331942124796;-0,446467617340086;1,41185457230316;-0,511855847192196;-1,01705211637769;-1,41185457230316;1,41185457230316
-0,998331942124796;-0,446467617340086;1,41185457230316;-0,511855847192196;-1,02264446212545;-1,41185457230316;1,41185457230316
-0,998331942124796;-0,446467617340086;1,41185457230316;-0,96537780814792;-1,02821738027044;-1,41185457230316;1,41185457230316
-0,998331942124796;-0,446467617340086;1,41185457230316;-0,96537780814792;-1,03377109350094;-1,41185457230316;1,41185457230316
-0,998331942124796;-0,446467617340086;1,41185457230316;-0,96537780814792;-1,03930555828761;-1,41185457230316;1,41185457230316
-0,998331942124796;-0,446467617340086;1,41185457230316;-0,96537780814792;-1,04482108242787;-1,41185457230316;1,41185457230316
-0,998331942124796;-0,446467617340086;1,41185457230316;-0,511855847192196;-1,0503176208797;-1,41185457230316;1,41185457230316
-0,998331942124796;-0,446467617340086;1,41185457230316;-0,96537780814792;-1,05579539057235;-1,41185457230316;1,41185457230316
-0,998331942124796;-0,446467617340086;1,41185457230316;-0,96537780814792;-1,06125460592345;-1,41185457230316;1,41185457230316
-0,998331942124796;-0,446467617340086;1,41185457230316;-0,96537780814792;-1,06669521972894;-1,41185457230316;1,41185457230316
-0,998331942124796;-0,446467617340086;1,41185457230316;-0,511855847192196;-1,07211753021125;-1,41185457230316;1,41185457230316
-0,998331942124796;-0,446467617340086;1,41185457230316;-0,96537780814792;-1,07752148879318;-1,41185457230316;1,41185457230316
-0,998331942124796;-0,446467617340086;1,41185457230316;-0,96537780814792;-1,08290730450426;-1,41185457230316;1,41185457230316
-0,998331942124796;-0,446467617340086;1,41185457230316;-0,511855847192196;-1,08827518398862;-1,41185457230316;1,41185457230316
-0,998331942124796;-0,446467617340086;1,41185457230316;-0,96537780814792;-1,09362507670656;-1,41185457230316;1,41185457230316
-0,998331942124796;-0,446467617340086;1,41185457230316;-0,96537780814792;-1,09895727183729;-1,41185457230316;1,41185457230316
-0,998331942124796;-0,446467617340086;1,41185457230316;-0,96537780814792;-1,10427171759484;-1,41185457230316;1,41185457230316
-0,998331942124796;-0,446467617340086;1,41185457230316;-0,511855847192196;-1,10956861557638;-1,41185457230316;1,41185457230316
-0,998331942124796;-0,446467617340086;1,41185457230316;-0,96537780814792;-1,11484816511098;-1,41185457230316;1,41185457230316
-0,998331942124796;-0,446467617340086;1,41185457230316;-0,96537780814792;-1,12011031263173;-1,41185457230316;1,41185457230316
-0,998331942124796;-0,446467617340086;1,41185457230316;-0,96537780814792;-1,12535525548563;-1,41185457230316;1,41185457230316
-0,998331942124796;-0,446467617340086;1,41185457230316;-0,511855847192196;-1,13058318881806;-1,41185457230316;1,41185457230316
-0,998331942124796;-0,446467617340086;1,41185457230316;-0,511855847192196;-1,13579405738221;-1,41185457230316;1,41185457230316
-0,998331942124796;-0,446467617340086;1,41185457230316;-0,511855847192196;-1,14098813689645;-1,41185457230316;1,41185457230316
-0,998331942124796;-0,446467617340086;1,41185457230316;-0,96537780814792;-1,14616537104751;-1,41185457230316;1,41185457230316
-0,998331942124796;-0,446467617340086;1,41185457230316;-0,511855847192196;-1,15132595042454;-1,41185457230316;1,41185457230316
-0,998331942124796;-0,446467617340086;1,41185457230316;-0,511855847192196;-1,15647006351964;-1,41185457230316;1,41185457230316
-0,998331942124796;-0,446467617340086;1,41185457230316;-0,511855847192196;-1,16159765249615;-1,41185457230316;1,41185457230316
-0,998331942124796;-0,446467617340086;1,41185457230316;-0,96537780814792;-1,16670898523473;-1,41185457230316;1,41185457230316
-0,998331942124796;-0,446467617340086;1,41185457230316;-0,96537780814792;-1,17180400293187;-1,41185457230316;1,41185457230316
-0,998331942124796;-0,446467617340086;1,41185457230316;-0,96537780814792;-1,17688288979959;-1,41185457230316;1,41185457230316
-0,998331942124796;-0,446467617340086;1,41185457230316;-0,96537780814792;-1,18194582805042;-1,41185457230316;1,41185457230316
-0,998331942124796;-0,446467617340086;1,41185457230316;-0,511855847192196;-1,18699275750026;-1,41185457230316;1,41185457230316
-0,998331942124796;-0,446467617340086;1,41185457230316;-0,96537780814792;-1,19202385870584;-1,41185457230316;1,41185457230316
-0,998331942124796;-0,446467617340086;1,41185457230316;-0,511855847192196;-1,19703931027984;-1,41185457230316;1,41185457230316
-0,998331942124796;-0,446467617340086;1,41185457230316;-0,511855847192196;-1,2020390507372;-1,41185457230316;1,41185457230316
-0,998331942124796;-0,446467617340086;1,41185457230316;-0,96537780814792;-1,20702333624808;-1,41185457230316;1,41185457230316
-0,998331942124796;-0,446467617340086;1,41185457230316;-0,511855847192196;-1,21199210450228;-1,41185457230316;1,41185457230316
-0,998331942124796;-0,446467617340086;1,41185457230316;-0,96537780814792;-1,21694553023139;-1,41185457230316;1,41185457230316
-0,998331942124796;-0,446467617340086;1,41185457230316;-0,511855847192196;-1,22188378631048;-1,41185457230316;1,41185457230316
-0,998331942124796;-0,446467617340086;1,41185457230316;-0,96537780814792;-1,22680680925191;-1,41185457230316;1,41185457230316
-0,998331942124796;-0,446467617340086;1,41185457230316;-0,511855847192196;-1,23171484838241;-1,41185457230316;1,41185457230316
-0,998331942124796;-0,446467617340086;1,41185457230316;-0,96537780814792;-1,23660783946798;-1,41185457230316;1,41185457230316
-0,998331942124796;-0,446467617340086;1,41185457230316;-0,511855847192196;-1,24148595172805;-1,41185457230316;1,41185457230316
-0,998331942124796;-0,446467617340086;1,41185457230316;-0,96537780814792;-1,24634935260752;-1,41185457230316;1,41185457230316
-0,998331942124796;-0,446467617340086;1,41185457230316;-0,511855847192196;-1,25119797680797;-1,41185457230316;1,41185457230316
